brain_region,timestamp,is_directed,num_nodes,num_edges,density,is_connected,avg_degree,median_degree,max_degree,transitivity,avg_clustering,avg_shortest_path,diameter,global_efficiency,laplacian_eigenvals,laplacian_second_smallest,laplacian_largest,algebraic_connectivity,normalized_laplacian_eigenvals,normalized_laplacian_largest,spectral_gap
AL,2025-05-23T19:41:17.137182,False,1041,8246,0.015233133821030075,True,15.842459173871278,12.0,420,0.18943579964205048,0.3642086076199397,3.1207899209340133,13,0.371532185797423,"[2.58847722e-13 9.15209808e-02 2.50843873e-01 ... 2.96255980e+03
 3.21897596e+03 3.65157144e+03]",0.09152098082490273,3651.5714387317535,0.09152098082490273,"[-8.40724854e-17  1.20508666e-02  2.94523271e-02 ...  1.94102789e+00
  1.95211915e+00  1.95747428e+00]",1.957474275412146,0.09152098082464388
EB,2025-05-23T19:41:22.478673,False,854,30557,0.0838945614184405,True,71.56206088992974,27.0,325,0.4373591217707583,0.49489049333482227,2.569155288813967,7,0.4474479696361756,"[2.75684267e-13 7.32506301e-01 1.30287322e+00 1.50866440e+00
 2.97271770e+00 2.98076242e+00 2.98198397e+00 2.98323733e+00
 2.98437623e+00 2.98471430e+00 2.98534887e+00 2.98580141e+00
 2.98609772e+00 2.98682233e+00 2.98718028e+00 2.98876326e+00
 2.98917686e+00 2.98989677e+00 2.99011462e+00 2.99035641e+00
 2.99054868e+00 2.99065531e+00 2.99082362e+00 2.99132243e+00
 2.99134239e+00 2.99162758e+00 2.99174136e+00 2.99185886e+00
 2.99197752e+00 2.99211848e+00 2.99223124e+00 2.99227321e+00
 2.99230112e+00 2.99236604e+00 2.99244359e+00 2.99252196e+00
 2.99283143e+00 2.99294321e+00 2.99299536e+00 2.99308532e+00
 2.99315289e+00 2.99328747e+00 2.99348334e+00 2.99364524e+00
 2.99367559e+00 2.99379122e+00 2.99384962e+00 2.99397103e+00
 2.99434262e+00 2.99444974e+00 2.99458452e+00 2.99467064e+00
 2.99481039e+00 2.99483368e+00 2.99495999e+00 2.99523436e+00
 2.99534359e+00 2.99537852e+00 2.99544251e+00 2.99563007e+00
 2.99566688e+00 2.99572424e+00 2.99586920e+00 2.99608854e+00
 2.99616692e+00 2.99634098e+00 2.99644374e+00 2.99656848e+00
 2.99670847e+00 2.99687232e+00 2.99692049e+00 2.99699351e+00
 2.99704899e+00 2.99712529e+00 2.99720344e+00 2.99727316e+00
 2.99733838e+00 2.99734418e+00 2.99739884e+00 2.99746026e+00
 2.99751813e+00 2.99754332e+00 2.99758728e+00 2.99761721e+00
 2.99772201e+00 2.99789028e+00 2.99800313e+00 2.99817930e+00
 2.99872358e+00 2.99885545e+00 3.00000000e+00 3.00000000e+00
 3.00000000e+00 3.00000000e+00 3.00000000e+00 3.00000000e+00
 3.00000000e+00 3.00000000e+00 3.00000000e+00 3.00000000e+00
 3.00000000e+00 3.00000000e+00 3.00000000e+00 3.00000000e+00
 3.00000000e+00 3.00000000e+00 3.00000000e+00 3.00000000e+00
 3.00000000e+00 3.00000000e+00 3.00000000e+00 3.00000000e+00
 3.00000000e+00 3.00000000e+00 3.00000000e+00 3.00000000e+00
 3.00000000e+00 3.00000000e+00 3.34801309e+00 3.98530537e+00
 3.98580276e+00 3.98659959e+00 3.98778819e+00 3.98886831e+00
 3.98997272e+00 3.99012738e+00 3.99071940e+00 3.99143540e+00
 3.99195461e+00 3.99243585e+00 3.99314651e+00 3.99347910e+00
 3.99391746e+00 3.99516436e+00 3.99522797e+00 3.99538520e+00
 3.99557473e+00 3.99563910e+00 3.99570167e+00 3.99575785e+00
 3.99589628e+00 3.99595237e+00 3.99773525e+00 4.07203528e+00
 4.14863046e+00 4.82880737e+00 4.97851295e+00 4.98400751e+00
 4.98604951e+00 4.98842538e+00 4.99137656e+00 4.99166076e+00
 4.99214673e+00 4.99220222e+00 4.99264576e+00 4.99360792e+00
 4.99453763e+00 4.99582070e+00 4.99697175e+00 5.07756813e+00
 5.35673446e+00 5.95288360e+00 5.95682951e+00 5.96266975e+00
 5.97149890e+00 5.97636134e+00 5.98033792e+00 5.98238533e+00
 5.98373635e+00 5.98412891e+00 5.98536965e+00 5.98577492e+00
 5.98604907e+00 5.98695526e+00 5.98709361e+00 5.98770613e+00
 5.98811686e+00 5.98844684e+00 5.98864498e+00 5.98871770e+00
 5.98890555e+00 5.98960842e+00 5.99119198e+00 5.99160507e+00
 5.99204298e+00 5.99241652e+00 5.99289684e+00 5.99306388e+00
 5.99375373e+00 5.99389339e+00 5.99425829e+00 5.99462463e+00
 5.99482733e+00 5.99529140e+00 5.99589950e+00 5.99635861e+00
 5.99682918e+00 5.99765167e+00 5.99813525e+00 5.99890350e+00
 5.99935534e+00 5.99943695e+00 6.00000000e+00 6.00000000e+00
 6.07714039e+00 6.33075215e+00 6.72674808e+00 6.92980711e+00
 6.97620810e+00 6.97652922e+00 6.97795120e+00 6.97953753e+00
 6.97978499e+00 6.98107110e+00 6.98295509e+00 6.98453837e+00
 6.98742426e+00 6.98806164e+00 6.98899096e+00 6.98983056e+00
 6.99079542e+00 6.99172878e+00 6.99286120e+00 6.99354617e+00
 6.99372831e+00 6.99494174e+00 6.99498526e+00 6.99821232e+00
 6.99992435e+00 7.32857249e+00 7.41725165e+00 7.73211821e+00
 7.89229628e+00 7.97120599e+00 7.98038269e+00 7.98086510e+00
 7.98577501e+00 7.99192557e+00 7.99399399e+00 8.10778425e+00
 8.37746966e+00 8.61693945e+00 8.93015846e+00 8.97370948e+00
 8.97524131e+00 8.97659194e+00 8.98067681e+00 8.98578391e+00
 8.98907259e+00 8.99085411e+00 8.99286168e+00 9.00000000e+00
 9.10798088e+00 9.87370306e+00 9.97487716e+00 9.97815053e+00
 9.97972475e+00 9.98273841e+00 9.98433597e+00 9.98655567e+00
 9.98922061e+00 1.03080121e+01 1.04206414e+01 1.09466931e+01
 1.09588515e+01 1.09699727e+01 1.09743672e+01 1.11190290e+01
 1.19717804e+01 1.19777195e+01 1.19863841e+01 1.19891394e+01
 1.19966539e+01 1.21626064e+01 1.29585423e+01 1.29771646e+01
 1.30488874e+01 1.30738261e+01 1.39710128e+01 1.40332680e+01
 1.49244553e+01 1.49626608e+01 1.50224929e+01 1.50479093e+01
 1.56887786e+01 1.58042358e+01 1.59786673e+01 1.60543941e+01
 1.68010672e+01 1.69201129e+01 1.69762378e+01 1.69934590e+01
 1.70995011e+01 1.79619112e+01 1.80451441e+01 1.85460748e+01
 1.96693887e+01 2.10065423e+01 2.16797880e+01 2.26324271e+01
 2.30098356e+01 2.49360946e+01 2.49869844e+01 2.55785182e+01
 2.73016344e+01 2.80362958e+01 2.83061311e+01 2.95348426e+01
 3.09605942e+01 3.16463107e+01 3.18693369e+01 3.24971432e+01
 3.38955855e+01 3.47112710e+01 3.50825246e+01 3.75181075e+01
 3.95711842e+01 3.99063850e+01 4.00853322e+01 4.02530487e+01
 4.14798924e+01 4.23143640e+01 4.42487484e+01 4.98446320e+01
 5.41599106e+01 5.59219677e+01 5.65205332e+01 5.67325498e+01
 5.69660708e+01 6.28041433e+01 6.47476110e+01 6.70852788e+01
 6.76048729e+01 6.81206322e+01 6.88064601e+01 6.92824111e+01
 6.95125591e+01 7.27236961e+01 7.29685653e+01 7.35333305e+01
 7.90888636e+01 8.02673986e+01 8.17035310e+01 8.98389180e+01
 9.00049430e+01 9.08684632e+01 9.17704569e+01 9.45000286e+01
 9.55996148e+01 9.64367732e+01 9.87313068e+01 1.00826054e+02
 1.01000747e+02 1.08672859e+02 1.13293988e+02 1.15300794e+02
 1.19146131e+02 1.20478762e+02 1.23383666e+02 1.26135093e+02
 1.28868108e+02 1.29910124e+02 1.30597516e+02 1.30999397e+02
 1.31247579e+02 1.32056255e+02 1.33985500e+02 1.35380617e+02
 1.35755292e+02 1.38693839e+02 1.39808511e+02 1.41153544e+02
 1.41947868e+02 1.44068528e+02 1.44542054e+02 1.49046436e+02
 1.52239420e+02 1.52857101e+02 1.53137123e+02 1.53274715e+02
 1.55706201e+02 1.56887892e+02 1.60079899e+02 1.61378465e+02
 1.64962152e+02 1.65953370e+02 1.66999987e+02 1.67670164e+02
 1.68393231e+02 1.68971997e+02 1.74560073e+02 1.75058952e+02
 1.75489247e+02 1.79883966e+02 1.81296474e+02 1.83984213e+02
 1.86604179e+02 1.87388713e+02 1.88543179e+02 1.93000014e+02
 1.94715792e+02 1.96073661e+02 1.96979924e+02 1.98232427e+02
 2.00800854e+02 2.01922479e+02 2.02818806e+02 2.10194033e+02
 2.14162162e+02 2.25142583e+02 2.31658842e+02 2.32658756e+02
 2.40633142e+02 2.44216926e+02 2.46963878e+02 2.47423283e+02
 2.48328717e+02 2.54208537e+02 2.71897277e+02 2.80736029e+02
 2.84832967e+02 2.88096218e+02 2.88259499e+02 2.90819905e+02
 2.95520275e+02 2.99078123e+02 3.00801392e+02 3.08431471e+02
 3.14427496e+02 3.27809968e+02 3.29251506e+02 3.37262711e+02
 3.53984372e+02 3.62895037e+02 3.63504505e+02 3.74501421e+02
 3.96193429e+02 4.04194632e+02 4.14608029e+02 4.26058078e+02
 4.26698061e+02 4.37890355e+02 4.43761977e+02 4.59568499e+02
 4.72593278e+02 5.03568742e+02 5.09403217e+02 5.13654997e+02
 5.22553974e+02 5.27743740e+02 5.48569642e+02 5.66831839e+02
 5.68188086e+02 5.88392072e+02 5.92144666e+02 5.98947245e+02
 6.09557416e+02 6.21650362e+02 6.40251641e+02 6.54098418e+02
 6.58227336e+02 6.74981736e+02 6.79569717e+02 6.90047413e+02
 6.99059968e+02 7.12588753e+02 7.17707398e+02 7.28542569e+02
 7.32609186e+02 7.36864185e+02 7.46213006e+02 7.54600297e+02
 7.58715659e+02 7.76815348e+02 7.84116027e+02 7.86247946e+02
 7.91326982e+02 8.00437590e+02 8.08296828e+02 8.24309452e+02
 8.29878951e+02 8.33945730e+02 8.37181796e+02 8.39302282e+02
 8.40167444e+02 8.41430992e+02 8.48760849e+02 8.51015159e+02
 8.57867335e+02 8.59123759e+02 8.63302796e+02 8.67455431e+02
 8.73395390e+02 8.76728470e+02 8.82064970e+02 8.87475722e+02
 8.92592397e+02 8.93281081e+02 8.97208217e+02 8.97798350e+02
 8.98510901e+02 9.05726915e+02 9.06711287e+02 9.11185499e+02
 9.18244573e+02 9.21218294e+02 9.28525939e+02 9.28861670e+02
 9.31382441e+02 9.32943005e+02 9.38808529e+02 9.41179225e+02
 9.44388946e+02 9.49868821e+02 9.52558357e+02 9.54291607e+02
 9.59175405e+02 9.75395711e+02 9.76122146e+02 9.81618639e+02
 9.86563553e+02 9.88742982e+02 1.00178234e+03 1.00690061e+03
 1.01093797e+03 1.01184434e+03 1.01352646e+03 1.01496507e+03
 1.02258751e+03 1.02470292e+03 1.02490394e+03 1.03157949e+03
 1.03301164e+03 1.04157895e+03 1.04202095e+03 1.05270799e+03
 1.05483646e+03 1.05773656e+03 1.06519083e+03 1.07381266e+03
 1.07921708e+03 1.08206065e+03 1.08823677e+03 1.09427229e+03
 1.09684023e+03 1.10059770e+03 1.10335435e+03 1.11081778e+03
 1.11178438e+03 1.11220802e+03 1.11241300e+03 1.11722662e+03
 1.11905908e+03 1.13068128e+03 1.13166631e+03 1.13266952e+03
 1.14257002e+03 1.14555144e+03 1.14883469e+03 1.15158132e+03
 1.15175255e+03 1.15710894e+03 1.16172653e+03 1.16442775e+03
 1.16938315e+03 1.17410831e+03 1.17830571e+03 1.18158559e+03
 1.18278361e+03 1.18441800e+03 1.18460034e+03 1.18750901e+03
 1.19119157e+03 1.19473118e+03 1.19748691e+03 1.20552933e+03
 1.20861201e+03 1.20911558e+03 1.21055507e+03 1.21314759e+03
 1.21522028e+03 1.21831637e+03 1.22230075e+03 1.22331595e+03
 1.22482908e+03 1.22876892e+03 1.22970810e+03 1.23243662e+03
 1.23367697e+03 1.23649999e+03 1.24187156e+03 1.24320817e+03
 1.24755189e+03 1.24807462e+03 1.25926612e+03 1.26093843e+03
 1.26258580e+03 1.26347933e+03 1.26481791e+03 1.26702525e+03
 1.27026629e+03 1.27226122e+03 1.27543346e+03 1.28060440e+03
 1.28532943e+03 1.28754323e+03 1.28912539e+03 1.29565396e+03
 1.29662339e+03 1.31024508e+03 1.31149169e+03 1.31242449e+03
 1.31412516e+03 1.31589807e+03 1.31751356e+03 1.32738289e+03
 1.32828709e+03 1.33004963e+03 1.33189271e+03 1.33857882e+03
 1.34075378e+03 1.34302498e+03 1.34490639e+03 1.34963144e+03
 1.36064649e+03 1.36581053e+03 1.36900319e+03 1.37380940e+03
 1.37730685e+03 1.38265155e+03 1.38298439e+03 1.38593174e+03
 1.38845307e+03 1.39504046e+03 1.40168636e+03 1.40254555e+03
 1.40347941e+03 1.40829515e+03 1.41110418e+03 1.41553400e+03
 1.41971165e+03 1.42362400e+03 1.43374234e+03 1.43860113e+03
 1.44225202e+03 1.44374743e+03 1.44717164e+03 1.44834409e+03
 1.45686160e+03 1.45798796e+03 1.46003322e+03 1.47357667e+03
 1.48142788e+03 1.48721468e+03 1.49352760e+03 1.50712612e+03
 1.51072071e+03 1.51716491e+03 1.51824000e+03 1.52406999e+03
 1.53315011e+03 1.54648879e+03 1.54771885e+03 1.55644127e+03
 1.55702590e+03 1.57973977e+03 1.58969734e+03 1.59570998e+03
 1.60516549e+03 1.61377493e+03 1.62097992e+03 1.62492444e+03
 1.64039756e+03 1.64839149e+03 1.64963049e+03 1.65757198e+03
 1.65886403e+03 1.66016507e+03 1.66082224e+03 1.67051208e+03
 1.67417289e+03 1.67719336e+03 1.68163169e+03 1.69177533e+03
 1.69730572e+03 1.70503763e+03 1.71144940e+03 1.71579406e+03
 1.71853559e+03 1.72560873e+03 1.73742518e+03 1.74609810e+03
 1.75355804e+03 1.75472157e+03 1.75739979e+03 1.76540604e+03
 1.77147428e+03 1.78752001e+03 1.80016487e+03 1.80501310e+03
 1.80995043e+03 1.81288469e+03 1.81938981e+03 1.83726137e+03
 1.83984092e+03 1.84055136e+03 1.87132422e+03 1.87930687e+03
 1.90014422e+03 1.90287858e+03 1.90511832e+03 1.91620619e+03
 1.91754313e+03 1.92621912e+03 1.93446024e+03 1.93806204e+03
 1.94034774e+03 1.94999461e+03 1.96108499e+03 1.96510505e+03
 1.97680180e+03 1.98419389e+03 1.98753835e+03 1.99460696e+03
 1.99880251e+03 2.00879335e+03 2.02429821e+03 2.03585096e+03
 2.05703287e+03 2.06424877e+03 2.07116985e+03 2.07975947e+03
 2.08543575e+03 2.09275671e+03 2.11186828e+03 2.12301937e+03
 2.12576855e+03 2.13786362e+03 2.14760988e+03 2.15211805e+03
 2.18662794e+03 2.20585626e+03 2.21772614e+03 2.22728137e+03
 2.24230712e+03 2.25964569e+03 2.26216055e+03 2.26915177e+03
 2.27652769e+03 2.28463001e+03 2.29520335e+03 2.32085695e+03
 2.33667479e+03 2.34209335e+03 2.35062636e+03 2.35634903e+03
 2.36824307e+03 2.37167266e+03 2.40355387e+03 2.41781746e+03
 2.42092951e+03 2.44068437e+03 2.44706767e+03 2.45857705e+03
 2.46588949e+03 2.47884169e+03 2.51901198e+03 2.55575683e+03
 2.57571704e+03 2.66200463e+03 2.67898443e+03 2.71465184e+03
 2.72564228e+03 2.76771193e+03 2.85650222e+03 2.87014400e+03
 2.88492098e+03 2.90582363e+03 2.92802865e+03 2.94095813e+03
 2.97471849e+03 2.99794051e+03 3.03414032e+03 3.04512650e+03
 3.05190268e+03 3.06998495e+03 3.11301749e+03 3.11589859e+03
 3.15333314e+03 3.17364610e+03 3.19677126e+03 3.20528053e+03
 3.21334788e+03 3.22450510e+03 3.23583279e+03 3.27362515e+03
 3.28864171e+03 3.30751956e+03 3.32092800e+03 3.34184797e+03
 3.38194789e+03 3.40020528e+03 3.41191171e+03 3.42192855e+03
 3.43545982e+03 3.44672690e+03 3.48629264e+03 3.49452436e+03
 3.51127483e+03 3.51388253e+03 3.52928076e+03 3.57377705e+03
 3.58802972e+03 3.61479250e+03 3.63535700e+03 3.65736091e+03
 3.67267075e+03 3.69734966e+03 3.71976394e+03 3.72202413e+03
 3.74307638e+03 3.75972261e+03 3.77812094e+03 3.80044713e+03
 3.81754158e+03 3.82841282e+03 3.85714569e+03 3.87234730e+03
 3.93673874e+03 3.96792340e+03 3.99243722e+03 4.00430389e+03
 4.01315713e+03 4.02560682e+03 4.08235123e+03 4.22244974e+03
 4.25517569e+03 4.35984992e+03 4.38841720e+03 4.58374955e+03
 4.60698552e+03 4.67822596e+03 4.72995036e+03 4.77965436e+03
 4.96824837e+03 5.02900467e+03 5.11637046e+03 6.77434867e+03
 7.32789660e+03 8.04014047e+03 8.08066598e+03 8.19942542e+03
 8.40794535e+03 8.51372986e+03]",0.7325063013315543,8513.729859042513,0.7325063013315543,"[-1.42247325e-16  1.70737650e-02  8.60858033e-02  1.22406850e-01
  1.98084764e-01  2.43771216e-01  2.80407121e-01  2.87088740e-01
  2.88433965e-01  3.15873289e-01  3.65088683e-01  3.72289542e-01
  3.80128656e-01  4.10001345e-01  4.24802468e-01  4.28826303e-01
  4.79130924e-01  4.96567672e-01  5.16087817e-01  5.28278069e-01
  5.34921224e-01  5.44769629e-01  5.54994232e-01  5.83644936e-01
  5.91631475e-01  6.08524498e-01  6.10824476e-01  6.35747592e-01
  6.56318140e-01  6.73445377e-01  6.84506481e-01  6.85653956e-01
  7.01625011e-01  7.09346464e-01  7.11639561e-01  7.12833854e-01
  7.21777174e-01  7.30152248e-01  7.32609909e-01  7.35092788e-01
  7.38477376e-01  7.40152216e-01  7.48647640e-01  7.59529817e-01
  7.62426320e-01  7.72287682e-01  7.82433060e-01  7.82783285e-01
  7.95001327e-01  8.02900110e-01  8.09969026e-01  8.14776453e-01
  8.16525268e-01  8.18770794e-01  8.23708958e-01  8.40931814e-01
  8.46988374e-01  8.48485858e-01  8.52702810e-01  8.53847294e-01
  8.56104058e-01  8.57287648e-01  8.59885765e-01  8.66531660e-01
  8.70190455e-01  8.72971647e-01  8.74302126e-01  8.75603071e-01
  8.77769741e-01  8.79616218e-01  8.82318909e-01  8.82982721e-01
  8.86253630e-01  8.87004011e-01  8.88102574e-01  8.89843609e-01
  8.91983985e-01  8.93331064e-01  8.95779330e-01  8.99953587e-01
  9.01652048e-01  9.02062042e-01  9.04930101e-01  9.05970610e-01
  9.07013393e-01  9.08949093e-01  9.10075036e-01  9.11684288e-01
  9.12696454e-01  9.13644266e-01  9.15638659e-01  9.17479394e-01
  9.18243093e-01  9.18254163e-01  9.19969450e-01  9.20412303e-01
  9.21149774e-01  9.22461956e-01  9.22797892e-01  9.23219163e-01
  9.24623463e-01  9.25243739e-01  9.26486726e-01  9.27087078e-01
  9.28899615e-01  9.29185671e-01  9.29622814e-01  9.31458819e-01
  9.31671430e-01  9.32214577e-01  9.32901903e-01  9.33225605e-01
  9.33955692e-01  9.34540465e-01  9.35338905e-01  9.35758724e-01
  9.36674297e-01  9.37863876e-01  9.37937978e-01  9.38837872e-01
  9.39205106e-01  9.39605229e-01  9.40406974e-01  9.40855621e-01
  9.41489827e-01  9.41835982e-01  9.42177736e-01  9.43116675e-01
  9.43452212e-01  9.43698419e-01  9.43861074e-01  9.44750209e-01
  9.45122348e-01  9.45418348e-01  9.45899974e-01  9.46529857e-01
  9.47309002e-01  9.47870485e-01  9.48036257e-01  9.48460491e-01
  9.49495922e-01  9.49709581e-01  9.49997010e-01  9.50537976e-01
  9.50996598e-01  9.51745243e-01  9.52075007e-01  9.52791137e-01
  9.53087354e-01  9.53638163e-01  9.53904028e-01  9.54441245e-01
  9.55132195e-01  9.55521791e-01  9.55954772e-01  9.56310675e-01
  9.56624379e-01  9.57398084e-01  9.57661480e-01  9.57802158e-01
  9.58591521e-01  9.58967683e-01  9.59288421e-01  9.59533465e-01
  9.59633076e-01  9.60228109e-01  9.60339968e-01  9.60733075e-01
  9.60748069e-01  9.61522152e-01  9.61692311e-01  9.61990086e-01
  9.62459484e-01  9.62666431e-01  9.62900338e-01  9.63120580e-01
  9.63767898e-01  9.64027569e-01  9.64262254e-01  9.64383188e-01
  9.64718909e-01  9.64919382e-01  9.65095185e-01  9.65630342e-01
  9.66094735e-01  9.66320017e-01  9.66416044e-01  9.66712881e-01
  9.66945035e-01  9.67244550e-01  9.67525044e-01  9.67813631e-01
  9.68357608e-01  9.68863136e-01  9.68995982e-01  9.69253371e-01
  9.69408622e-01  9.69916301e-01  9.70328687e-01  9.70513902e-01
  9.70634928e-01  9.70889164e-01  9.71169004e-01  9.71314491e-01
  9.71504526e-01  9.72134854e-01  9.72425603e-01  9.72601175e-01
  9.72858618e-01  9.73224338e-01  9.73364425e-01  9.73438793e-01
  9.73490207e-01  9.74014006e-01  9.74318236e-01  9.74394968e-01
  9.74473881e-01  9.75015328e-01  9.75417759e-01  9.75698102e-01
  9.75798369e-01  9.76062605e-01  9.76415502e-01  9.76862067e-01
  9.77037867e-01  9.77298880e-01  9.77558485e-01  9.77784367e-01
  9.78155479e-01  9.78289862e-01  9.78537780e-01  9.78821417e-01
  9.79069658e-01  9.79499274e-01  9.79749855e-01  9.79887277e-01
  9.79985989e-01  9.80257942e-01  9.80333894e-01  9.80799285e-01
  9.81045213e-01  9.81403910e-01  9.81521223e-01  9.81719641e-01
  9.81983247e-01  9.82377654e-01  9.82616552e-01  9.82709829e-01
  9.82983755e-01  9.83312640e-01  9.83562620e-01  9.83820281e-01
  9.84295672e-01  9.84613894e-01  9.84788251e-01  9.84908749e-01
  9.85361953e-01  9.85479204e-01  9.85622392e-01  9.85970928e-01
  9.86303475e-01  9.86384621e-01  9.86644305e-01  9.87202816e-01
  9.87269749e-01  9.87486608e-01  9.87597809e-01  9.88099380e-01
  9.88550656e-01  9.88665514e-01  9.88918184e-01  9.89167163e-01
  9.89371579e-01  9.89735037e-01  9.89941183e-01  9.89992153e-01
  9.90535796e-01  9.90841568e-01  9.91320907e-01  9.91432950e-01
  9.91811592e-01  9.91848430e-01  9.92096177e-01  9.92686007e-01
  9.92838003e-01  9.92969786e-01  9.93150002e-01  9.93698383e-01
  9.93904184e-01  9.94038273e-01  9.94384614e-01  9.94521426e-01
  9.94778111e-01  9.95322904e-01  9.95510188e-01  9.95650668e-01
  9.95873929e-01  9.96334598e-01  9.96518739e-01  9.96622342e-01
  9.96693287e-01  9.97021958e-01  9.97245602e-01  9.97441538e-01
  9.97532828e-01  9.97841454e-01  9.97928078e-01  9.98234857e-01
  9.98426035e-01  9.98547281e-01  9.98712007e-01  9.98932157e-01
  9.99062519e-01  9.99262046e-01  9.99324109e-01  9.99486156e-01
  9.99764546e-01  9.99776242e-01  9.99865038e-01  9.99910742e-01
  9.99965929e-01  1.00000000e+00  1.00000000e+00  1.00000000e+00
  1.00000000e+00  1.00000000e+00  1.00000000e+00  1.00000000e+00
  1.00000000e+00  1.00000000e+00  1.00000000e+00  1.00000000e+00
  1.00000000e+00  1.00000000e+00  1.00000000e+00  1.00000000e+00
  1.00000000e+00  1.00000000e+00  1.00000000e+00  1.00000000e+00
  1.00000000e+00  1.00000000e+00  1.00000000e+00  1.00000000e+00
  1.00000000e+00  1.00000000e+00  1.00000000e+00  1.00000000e+00
  1.00000000e+00  1.00000000e+00  1.00000000e+00  1.00000000e+00
  1.00000000e+00  1.00000000e+00  1.00000000e+00  1.00000000e+00
  1.00000000e+00  1.00000000e+00  1.00000000e+00  1.00000000e+00
  1.00000000e+00  1.00000000e+00  1.00000000e+00  1.00000000e+00
  1.00000000e+00  1.00000000e+00  1.00000000e+00  1.00000000e+00
  1.00000000e+00  1.00000000e+00  1.00000000e+00  1.00000000e+00
  1.00000000e+00  1.00000000e+00  1.00000000e+00  1.00000000e+00
  1.00000000e+00  1.00000000e+00  1.00000000e+00  1.00000000e+00
  1.00000000e+00  1.00000000e+00  1.00000000e+00  1.00000000e+00
  1.00000000e+00  1.00000000e+00  1.00000000e+00  1.00000000e+00
  1.00000000e+00  1.00000000e+00  1.00000000e+00  1.00000000e+00
  1.00000000e+00  1.00000000e+00  1.00000000e+00  1.00000000e+00
  1.00000000e+00  1.00000000e+00  1.00000000e+00  1.00000000e+00
  1.00000000e+00  1.00000000e+00  1.00000000e+00  1.00000000e+00
  1.00000000e+00  1.00000000e+00  1.00000000e+00  1.00000000e+00
  1.00000000e+00  1.00000000e+00  1.00000000e+00  1.00000000e+00
  1.00000000e+00  1.00000000e+00  1.00000000e+00  1.00000000e+00
  1.00000000e+00  1.00000000e+00  1.00000000e+00  1.00000000e+00
  1.00000000e+00  1.00000000e+00  1.00014646e+00  1.00020344e+00
  1.00041828e+00  1.00054665e+00  1.00070880e+00  1.00103812e+00
  1.00115301e+00  1.00123954e+00  1.00143076e+00  1.00171917e+00
  1.00187415e+00  1.00198185e+00  1.00235886e+00  1.00252992e+00
  1.00262189e+00  1.00289483e+00  1.00334191e+00  1.00343898e+00
  1.00348562e+00  1.00407232e+00  1.00417309e+00  1.00454476e+00
  1.00485876e+00  1.00500864e+00  1.00517534e+00  1.00525161e+00
  1.00563612e+00  1.00588147e+00  1.00610410e+00  1.00657335e+00
  1.00684415e+00  1.00709111e+00  1.00746896e+00  1.00760034e+00
  1.00786785e+00  1.00817570e+00  1.00843658e+00  1.00877581e+00
  1.00884630e+00  1.00919087e+00  1.00962569e+00  1.00975134e+00
  1.01004545e+00  1.01018824e+00  1.01053103e+00  1.01068573e+00
  1.01109800e+00  1.01118598e+00  1.01154181e+00  1.01175392e+00
  1.01185248e+00  1.01212715e+00  1.01220962e+00  1.01261767e+00
  1.01295708e+00  1.01316401e+00  1.01346993e+00  1.01354096e+00
  1.01375092e+00  1.01388336e+00  1.01406737e+00  1.01449591e+00
  1.01459201e+00  1.01522475e+00  1.01528177e+00  1.01541976e+00
  1.01550650e+00  1.01575572e+00  1.01589098e+00  1.01632003e+00
  1.01658101e+00  1.01681199e+00  1.01704559e+00  1.01729142e+00
  1.01741669e+00  1.01758932e+00  1.01780154e+00  1.01805982e+00
  1.01823560e+00  1.01832639e+00  1.01861937e+00  1.01884832e+00
  1.01893259e+00  1.01909918e+00  1.01961087e+00  1.02000054e+00
  1.02013124e+00  1.02017535e+00  1.02031749e+00  1.02065931e+00
  1.02097295e+00  1.02135758e+00  1.02145113e+00  1.02161048e+00
  1.02186780e+00  1.02209003e+00  1.02222931e+00  1.02236727e+00
  1.02251399e+00  1.02302953e+00  1.02323641e+00  1.02326456e+00
  1.02349333e+00  1.02388948e+00  1.02397101e+00  1.02418022e+00
  1.02422816e+00  1.02457454e+00  1.02466818e+00  1.02491919e+00
  1.02511431e+00  1.02554515e+00  1.02568883e+00  1.02614145e+00
  1.02651448e+00  1.02661340e+00  1.02682640e+00  1.02683284e+00
  1.02709400e+00  1.02740504e+00  1.02773665e+00  1.02785476e+00
  1.02807023e+00  1.02817419e+00  1.02823966e+00  1.02862953e+00
  1.02868842e+00  1.02895309e+00  1.02924327e+00  1.02942808e+00
  1.02973277e+00  1.02999468e+00  1.03019072e+00  1.03033706e+00
  1.03057679e+00  1.03077448e+00  1.03090187e+00  1.03120738e+00
  1.03168946e+00  1.03188391e+00  1.03202849e+00  1.03216840e+00
  1.03249334e+00  1.03275591e+00  1.03289324e+00  1.03297606e+00
  1.03315800e+00  1.03353474e+00  1.03359712e+00  1.03375270e+00
  1.03397498e+00  1.03441604e+00  1.03463242e+00  1.03492785e+00
  1.03499489e+00  1.03541458e+00  1.03550304e+00  1.03573504e+00
  1.03594201e+00  1.03604925e+00  1.03638655e+00  1.03658201e+00
  1.03673132e+00  1.03685018e+00  1.03708596e+00  1.03744197e+00
  1.03756369e+00  1.03767652e+00  1.03803652e+00  1.03857539e+00
  1.03883690e+00  1.03889302e+00  1.03919710e+00  1.03945264e+00
  1.03972191e+00  1.03979689e+00  1.03987789e+00  1.04022038e+00
  1.04037437e+00  1.04070949e+00  1.04093114e+00  1.04105877e+00
  1.04125051e+00  1.04159608e+00  1.04195838e+00  1.04220072e+00
  1.04233328e+00  1.04258271e+00  1.04262940e+00  1.04287280e+00
  1.04288600e+00  1.04310487e+00  1.04376665e+00  1.04419337e+00
  1.04434334e+00  1.04468943e+00  1.04493337e+00  1.04507142e+00
  1.04544063e+00  1.04573635e+00  1.04579451e+00  1.04602192e+00
  1.04621046e+00  1.04653194e+00  1.04677594e+00  1.04713498e+00
  1.04734323e+00  1.04779147e+00  1.04787923e+00  1.04801537e+00
  1.04821935e+00  1.04830086e+00  1.04882929e+00  1.04897482e+00
  1.04937447e+00  1.04941898e+00  1.04962057e+00  1.04989404e+00
  1.05003895e+00  1.05011071e+00  1.05048487e+00  1.05085516e+00
  1.05118440e+00  1.05128751e+00  1.05170827e+00  1.05203541e+00
  1.05224916e+00  1.05247224e+00  1.05268588e+00  1.05313025e+00
  1.05338533e+00  1.05349267e+00  1.05381652e+00  1.05417485e+00
  1.05444638e+00  1.05466974e+00  1.05480479e+00  1.05518742e+00
  1.05556141e+00  1.05578706e+00  1.05625847e+00  1.05654730e+00
  1.05660592e+00  1.05711521e+00  1.05773813e+00  1.05782977e+00
  1.05836413e+00  1.05850304e+00  1.05868935e+00  1.05873833e+00
  1.05905934e+00  1.05934374e+00  1.05955507e+00  1.05988240e+00
  1.06045226e+00  1.06052361e+00  1.06089464e+00  1.06121622e+00
  1.06145287e+00  1.06174038e+00  1.06197017e+00  1.06209383e+00
  1.06230899e+00  1.06288559e+00  1.06314364e+00  1.06339730e+00
  1.06406742e+00  1.06425407e+00  1.06444272e+00  1.06494685e+00
  1.06535714e+00  1.06567207e+00  1.06598445e+00  1.06598922e+00
  1.06640918e+00  1.06715904e+00  1.06750801e+00  1.06795954e+00
  1.06832301e+00  1.06853630e+00  1.06891747e+00  1.06929204e+00
  1.06966477e+00  1.06997170e+00  1.07014884e+00  1.07062197e+00
  1.07096334e+00  1.07121243e+00  1.07176066e+00  1.07197490e+00
  1.07232677e+00  1.07258355e+00  1.07304217e+00  1.07317699e+00
  1.07384129e+00  1.07436383e+00  1.07464760e+00  1.07474031e+00
  1.07543150e+00  1.07580132e+00  1.07606497e+00  1.07633517e+00
  1.07716200e+00  1.07739446e+00  1.07806938e+00  1.07835919e+00
  1.07870955e+00  1.07916308e+00  1.07969345e+00  1.08023558e+00
  1.08042647e+00  1.08067188e+00  1.08133780e+00  1.08192631e+00
  1.08364022e+00  1.08388438e+00  1.08399415e+00  1.08426131e+00
  1.08479271e+00  1.08566552e+00  1.08611130e+00  1.08726126e+00
  1.08756130e+00  1.08779764e+00  1.08840874e+00  1.08862952e+00
  1.08912011e+00  1.08996570e+00  1.09023157e+00  1.09086498e+00
  1.09126505e+00  1.09200232e+00  1.09242383e+00  1.09281778e+00
  1.09396544e+00  1.09433978e+00  1.09516363e+00  1.09585655e+00
  1.09620609e+00  1.09791908e+00  1.09870573e+00  1.09983325e+00
  1.10011317e+00  1.10130618e+00  1.10161055e+00  1.10221162e+00
  1.10264229e+00  1.10300332e+00  1.10371907e+00  1.10444396e+00
  1.10500177e+00  1.10699454e+00  1.10725479e+00  1.10758095e+00
  1.10819917e+00  1.10888793e+00  1.11032345e+00  1.11060263e+00
  1.11126022e+00  1.11184862e+00  1.11379026e+00  1.11464903e+00
  1.11503097e+00  1.11774361e+00  1.11799552e+00  1.12016708e+00
  1.12116906e+00  1.12432455e+00  1.12541682e+00  1.12864028e+00
  1.13095744e+00  1.13172707e+00  1.13329368e+00  1.13606554e+00
  1.13765820e+00  1.13932012e+00  1.14104539e+00  1.14153371e+00
  1.14417973e+00  1.14477444e+00  1.14711428e+00  1.14816440e+00
  1.15068560e+00  1.15593292e+00  1.15709031e+00  1.15975320e+00
  1.16050041e+00  1.16890050e+00  1.17204708e+00  1.17497454e+00
  1.17545842e+00  1.18106688e+00  1.18455186e+00  1.19046320e+00
  1.19128750e+00  1.19486062e+00  1.20069169e+00  1.20497427e+00
  1.21370088e+00  1.21493364e+00  1.22349752e+00  1.22644550e+00
  1.22863453e+00  1.23078651e+00  1.24360234e+00  1.24682721e+00
  1.25325426e+00  1.25455793e+00  1.26168704e+00  1.27769077e+00
  1.29387239e+00  1.30390269e+00  1.30671592e+00  1.31445942e+00
  1.34941636e+00  1.35783430e+00  1.36641697e+00  1.37944990e+00
  1.38722227e+00  1.39638070e+00  1.41359471e+00  1.42699381e+00
  1.43199322e+00  1.48445680e+00  1.50928319e+00  1.54969163e+00
  1.62896996e+00  1.70625626e+00  1.71400985e+00  1.74255457e+00
  1.74733821e+00  1.80687361e+00]",1.8068736144698019,0.7325063013312786
FB,2025-05-23T19:44:12.662814,False,4366,142227,0.014926021600842498,True,65.15208428767751,32.0,886,0.2431173852536039,0.31980531935777906,2.95367850814295,8,0.36785937039541816,"[-1.71593539e-12  1.14470459e+00  1.44144241e+00 ...  8.49892055e+03
  8.57857945e+03  8.65618780e+03]",1.1447045873109474,8656.187798154855,1.1447045873109474,"[-4.84472382e-16  5.22719252e-02  1.21793387e-01 ...  1.63604524e+00
  1.69155268e+00  1.70779070e+00]",1.7077907026731811,1.1447045873126633
LH,2025-05-23T19:46:10.232336,False,3712,91377,0.013266854598165751,True,49.2332974137931,37.0,925,0.11771250272905902,0.19961422969561,2.6625306927680055,6,0.4018624223424019,"[-1.88216045e-13  2.59781979e+00  2.84027351e+00 ...  9.14615355e+03
  9.25313007e+03  1.04275946e+04]",2.5978197898332276,10427.594553910669,2.5978197898332276,"[-5.14709047e-16  2.09332695e-01  2.50603232e-01 ...  1.42320004e+00
  1.45765049e+00  1.48303054e+00]",1.4830305397473942,2.597819789833416
MB,2025-05-23T19:46:11.722125,False,598,10856,0.060816905038010564,True,36.30769230769231,24.0,374,0.23890751172371777,0.4428243786431964,2.0972980846260287,4,0.5040881665856939,"[-2.24327376e-13  1.49048570e+01  1.77459289e+01  2.00968021e+01
  2.49051556e+01  2.53935825e+01  2.59113258e+01  2.66797264e+01
  3.17606415e+01  3.35998758e+01  3.46935658e+01  3.54881965e+01
  3.58265866e+01  3.60501309e+01  3.67975189e+01  3.68180917e+01
  3.72640613e+01  3.75838669e+01  3.81651651e+01  3.84942615e+01
  4.08690186e+01  4.12549524e+01  4.15899185e+01  4.19284020e+01
  4.23882194e+01  4.28548482e+01  4.29847864e+01  4.35419123e+01
  4.42790426e+01  4.45021722e+01  4.47027365e+01  4.48577369e+01
  4.57373502e+01  4.70088231e+01  4.77078270e+01  4.78059568e+01
  4.93122999e+01  4.99732589e+01  5.07998751e+01  5.16879066e+01
  5.24494789e+01  5.26920211e+01  5.27918214e+01  5.29183053e+01
  5.33486176e+01  5.43244137e+01  5.46401768e+01  5.50115902e+01
  5.62029281e+01  5.64106925e+01  5.71706020e+01  5.77150349e+01
  5.89588239e+01  5.94878838e+01  5.96285437e+01  5.98608704e+01
  6.01070850e+01  6.07150846e+01  6.15396987e+01  6.20736801e+01
  6.21650967e+01  6.25502995e+01  6.29548004e+01  6.37517580e+01
  6.38165015e+01  6.43014916e+01  6.49471204e+01  6.50007726e+01
  6.51214473e+01  6.60229669e+01  6.63748281e+01  6.68227698e+01
  6.70417664e+01  6.78940276e+01  6.79525038e+01  6.82094331e+01
  6.88066475e+01  6.94028933e+01  6.95814284e+01  7.07053348e+01
  7.10956064e+01  7.16548587e+01  7.17547080e+01  7.24057194e+01
  7.25288946e+01  7.33408397e+01  7.39349421e+01  7.42491420e+01
  7.44945563e+01  7.49453491e+01  7.52360369e+01  7.58125530e+01
  7.59997703e+01  7.65955366e+01  7.67759520e+01  7.70844529e+01
  7.74088686e+01  7.79060657e+01  7.83734234e+01  7.89957036e+01
  7.92166445e+01  7.98315789e+01  8.13142742e+01  8.16703299e+01
  8.20476743e+01  8.20788503e+01  8.24270603e+01  8.29747130e+01
  8.34795583e+01  8.40257695e+01  8.47318470e+01  8.49028315e+01
  8.55937820e+01  8.57738956e+01  8.61662702e+01  8.71890273e+01
  8.75095466e+01  8.80996348e+01  8.82305174e+01  8.83516756e+01
  8.90577846e+01  8.95948631e+01  8.99012863e+01  9.01993002e+01
  9.03126187e+01  9.06502013e+01  9.11710577e+01  9.16550360e+01
  9.23079257e+01  9.29843428e+01  9.30507981e+01  9.33324387e+01
  9.33793970e+01  9.37720250e+01  9.38277681e+01  9.39969940e+01
  9.54495115e+01  9.57547711e+01  9.68882947e+01  9.70102891e+01
  9.72554316e+01  9.92588341e+01  9.94355482e+01  9.96690832e+01
  1.00796880e+02  1.01510230e+02  1.01553371e+02  1.02975486e+02
  1.03766491e+02  1.04385481e+02  1.06002158e+02  1.06567371e+02
  1.07879665e+02  1.08799297e+02  1.09479285e+02  1.09604651e+02
  1.10128617e+02  1.10251979e+02  1.10634510e+02  1.10819794e+02
  1.11102740e+02  1.11820587e+02  1.12589719e+02  1.12806082e+02
  1.13014381e+02  1.13642092e+02  1.13893484e+02  1.14259431e+02
  1.14377148e+02  1.14950015e+02  1.15511340e+02  1.15737315e+02
  1.16004302e+02  1.16373443e+02  1.17004783e+02  1.17847926e+02
  1.18433853e+02  1.18881199e+02  1.19694193e+02  1.19781348e+02
  1.20243363e+02  1.20430766e+02  1.20775428e+02  1.21142102e+02
  1.21821520e+02  1.21956706e+02  1.22339785e+02  1.23016278e+02
  1.23409086e+02  1.23781199e+02  1.24008444e+02  1.24231943e+02
  1.24392028e+02  1.24870513e+02  1.25296102e+02  1.26283758e+02
  1.26679432e+02  1.26807142e+02  1.27163481e+02  1.28584882e+02
  1.29135349e+02  1.29195148e+02  1.29958002e+02  1.30201793e+02
  1.30613025e+02  1.30755318e+02  1.31241155e+02  1.31508182e+02
  1.32164181e+02  1.32758514e+02  1.33302244e+02  1.34212031e+02
  1.35899317e+02  1.36108950e+02  1.36606112e+02  1.36721806e+02
  1.37159185e+02  1.37318026e+02  1.37387672e+02  1.37947993e+02
  1.38758674e+02  1.38836628e+02  1.39369927e+02  1.39652352e+02
  1.40346655e+02  1.40844603e+02  1.41236954e+02  1.41503445e+02
  1.41991040e+02  1.43466815e+02  1.43957376e+02  1.44200815e+02
  1.45407430e+02  1.45752638e+02  1.45856225e+02  1.46042190e+02
  1.46851485e+02  1.47610854e+02  1.47844506e+02  1.48149444e+02
  1.48371275e+02  1.49909283e+02  1.50291893e+02  1.50594448e+02
  1.51468160e+02  1.51656345e+02  1.51674471e+02  1.52198161e+02
  1.52892415e+02  1.53004278e+02  1.53153475e+02  1.53863136e+02
  1.54119577e+02  1.54857140e+02  1.54976878e+02  1.55530364e+02
  1.55874749e+02  1.56823578e+02  1.57569447e+02  1.58379907e+02
  1.59196399e+02  1.59422345e+02  1.59703317e+02  1.60423569e+02
  1.61004725e+02  1.61886513e+02  1.63013516e+02  1.63106400e+02
  1.63362600e+02  1.64853264e+02  1.65062932e+02  1.65253422e+02
  1.65749793e+02  1.66486069e+02  1.67515859e+02  1.68214971e+02
  1.68502997e+02  1.69818617e+02  1.69853123e+02  1.70412027e+02
  1.70529818e+02  1.70835072e+02  1.71424791e+02  1.72436384e+02
  1.73205940e+02  1.73852703e+02  1.74110995e+02  1.74502675e+02
  1.75066381e+02  1.75481929e+02  1.75879811e+02  1.76620406e+02
  1.78016936e+02  1.78510520e+02  1.79966526e+02  1.80309640e+02
  1.80947884e+02  1.81385343e+02  1.83042881e+02  1.83481466e+02
  1.84349496e+02  1.84513095e+02  1.86233649e+02  1.86639236e+02
  1.87049433e+02  1.87552068e+02  1.87694721e+02  1.88094592e+02
  1.89076928e+02  1.89654626e+02  1.90917473e+02  1.91148255e+02
  1.91981048e+02  1.92570152e+02  1.93051778e+02  1.93429268e+02
  1.93997970e+02  1.95075409e+02  1.95940088e+02  1.96179875e+02
  1.98836792e+02  1.99292484e+02  1.99833907e+02  2.00946397e+02
  2.01294612e+02  2.02256704e+02  2.02483506e+02  2.03870483e+02
  2.04602192e+02  2.06132490e+02  2.06317811e+02  2.06438919e+02
  2.07007127e+02  2.07251748e+02  2.07770284e+02  2.08070077e+02
  2.09462589e+02  2.10439533e+02  2.10663299e+02  2.11803006e+02
  2.12090334e+02  2.12526709e+02  2.13984805e+02  2.15007563e+02
  2.16023923e+02  2.18652492e+02  2.19206932e+02  2.19677960e+02
  2.20554075e+02  2.23118981e+02  2.24462284e+02  2.25210063e+02
  2.25597413e+02  2.26013137e+02  2.27214354e+02  2.30920072e+02
  2.31857936e+02  2.32761719e+02  2.33287853e+02  2.33711737e+02
  2.34027182e+02  2.34556666e+02  2.35936647e+02  2.40293736e+02
  2.41342362e+02  2.41593342e+02  2.43521869e+02  2.44075449e+02
  2.47476256e+02  2.47987602e+02  2.50313396e+02  2.52871608e+02
  2.54545202e+02  2.55536648e+02  2.57118303e+02  2.57863769e+02
  2.60297241e+02  2.62377459e+02  2.63190187e+02  2.63838926e+02
  2.64711298e+02  2.64801029e+02  2.66191489e+02  2.67031432e+02
  2.68149859e+02  2.68464002e+02  2.69629027e+02  2.71032894e+02
  2.71871155e+02  2.73825331e+02  2.74901494e+02  2.78231620e+02
  2.79345240e+02  2.82700582e+02  2.85042417e+02  2.85687698e+02
  2.87641707e+02  2.91049770e+02  2.92964119e+02  2.95600418e+02
  2.97657940e+02  2.98588766e+02  3.02271333e+02  3.02935596e+02
  3.05983577e+02  3.07767456e+02  3.09265589e+02  3.11721843e+02
  3.11912248e+02  3.14916503e+02  3.15526686e+02  3.20213626e+02
  3.20491789e+02  3.22441733e+02  3.23995246e+02  3.25005202e+02
  3.27201458e+02  3.28936526e+02  3.30731144e+02  3.30896147e+02
  3.31308619e+02  3.31998039e+02  3.34392306e+02  3.35615258e+02
  3.36175028e+02  3.39905947e+02  3.42248607e+02  3.43490987e+02
  3.43720213e+02  3.46245482e+02  3.47566736e+02  3.48289195e+02
  3.52445268e+02  3.54082560e+02  3.56012955e+02  3.56732356e+02
  3.58615704e+02  3.59139694e+02  3.60379745e+02  3.62274215e+02
  3.66106413e+02  3.66881216e+02  3.68839525e+02  3.74135107e+02
  3.74685113e+02  3.79122749e+02  3.79932089e+02  3.81706044e+02
  3.83000664e+02  3.83899348e+02  3.85577704e+02  3.87876902e+02
  3.88822943e+02  3.91136119e+02  3.96584839e+02  3.98905855e+02
  4.02692664e+02  4.03474940e+02  4.07009350e+02  4.09197775e+02
  4.10739960e+02  4.12326084e+02  4.16687996e+02  4.17574808e+02
  4.20089543e+02  4.27865170e+02  4.28963410e+02  4.30959963e+02
  4.36066195e+02  4.38236191e+02  4.40714141e+02  4.42896060e+02
  4.43814454e+02  4.53601299e+02  4.59749785e+02  4.61938852e+02
  4.62397255e+02  4.65332353e+02  4.72434974e+02  4.74770037e+02
  4.74934717e+02  4.80344722e+02  4.86240471e+02  4.87694430e+02
  4.93510818e+02  4.98041963e+02  4.99398200e+02  5.11460312e+02
  5.15178038e+02  5.16821978e+02  5.19542400e+02  5.28104542e+02
  5.33971867e+02  5.35155735e+02  5.43187324e+02  5.49822180e+02
  5.51467510e+02  5.63759387e+02  5.71493443e+02  5.79463757e+02
  5.83430681e+02  5.96191212e+02  6.02230148e+02  6.06244523e+02
  6.08978220e+02  6.12954521e+02  6.17501277e+02  6.34027588e+02
  6.36510434e+02  6.47198332e+02  6.53707555e+02  6.60122125e+02
  6.70020852e+02  6.82905287e+02  6.87424414e+02  6.91975344e+02
  7.08172320e+02  7.13498494e+02  7.33586249e+02  7.44775146e+02
  7.58868293e+02  7.75406943e+02  7.88735875e+02  7.95307923e+02
  8.04143183e+02  8.14146901e+02  8.24800115e+02  8.44017594e+02
  8.71089541e+02  8.75655917e+02  9.16248233e+02  9.63790243e+02
  9.93708151e+02  1.01350481e+03  1.03224562e+03  1.04784848e+03
  1.06509024e+03  1.07478873e+03  1.09023803e+03  1.09293196e+03
  1.10703158e+03  1.11566280e+03  1.13439010e+03  1.13990655e+03
  1.15507043e+03  1.18353113e+03  1.19131060e+03  1.21415247e+03
  1.23096282e+03  1.23249771e+03  1.24774544e+03  1.26028822e+03
  1.27019276e+03  1.34427800e+03  1.34958866e+03  1.39351809e+03
  1.42650865e+03  1.45796106e+03  1.47346855e+03  1.50305007e+03
  1.54488805e+03  1.62132767e+03  1.68562874e+03  1.71078228e+03
  1.73414707e+03  1.73726280e+03  1.81098663e+03  1.81961888e+03
  1.84493442e+03  1.88654647e+03  1.90073637e+03  1.92195685e+03
  1.96774402e+03  1.98423486e+03  2.07860218e+03  2.13470627e+03
  2.13751805e+03  2.15394039e+03  2.18530081e+03  2.23749508e+03
  2.41530172e+03  2.45814803e+03  2.53764049e+03  2.57171641e+03
  2.58005695e+03  2.64431997e+03  2.67796716e+03  2.68387653e+03
  2.83446994e+03  2.90820472e+03  3.11177238e+03  3.34376196e+03
  3.65097200e+03  5.17302339e+03  5.28317958e+03  5.71395741e+03
  6.23410101e+03  8.44394651e+03]",14.904856991412316,8443.94650549543,14.904856991412316,"[7.63454553e-17 2.05841791e-01 2.57379446e-01 3.64091046e-01
 4.05654952e-01 4.12797071e-01 4.50527625e-01 4.92931271e-01
 5.08689221e-01 5.28562623e-01 5.38752116e-01 5.63603697e-01
 5.93772219e-01 6.05933212e-01 6.22758736e-01 6.32191933e-01
 6.45667460e-01 6.63663697e-01 6.75750671e-01 6.79734124e-01
 6.88350601e-01 6.98843954e-01 7.03869472e-01 7.07753963e-01
 7.22523119e-01 7.25248288e-01 7.29758762e-01 7.43217280e-01
 7.46504626e-01 7.59061621e-01 7.60990308e-01 7.63870976e-01
 7.73184110e-01 7.75349665e-01 7.77223084e-01 7.82740067e-01
 7.89943801e-01 7.92759956e-01 7.96109654e-01 7.99610455e-01
 8.00776388e-01 8.07673306e-01 8.09106140e-01 8.11384322e-01
 8.13063167e-01 8.13948819e-01 8.17381385e-01 8.22924805e-01
 8.24377996e-01 8.28059727e-01 8.30493334e-01 8.31408611e-01
 8.33111527e-01 8.38048805e-01 8.38759909e-01 8.41908811e-01
 8.44452042e-01 8.45693380e-01 8.47531928e-01 8.50195662e-01
 8.53572604e-01 8.54354221e-01 8.57200867e-01 8.57870187e-01
 8.59949827e-01 8.62019416e-01 8.63604456e-01 8.65973208e-01
 8.68085225e-01 8.69601905e-01 8.71506975e-01 8.72886142e-01
 8.75047279e-01 8.75732423e-01 8.76464789e-01 8.78204793e-01
 8.78493273e-01 8.81704803e-01 8.83297161e-01 8.84592396e-01
 8.84786154e-01 8.86059215e-01 8.87273641e-01 8.89609000e-01
 8.90625396e-01 8.92237651e-01 8.93297328e-01 8.94684087e-01
 8.95288746e-01 8.96953430e-01 8.97307703e-01 8.99095353e-01
 8.99759805e-01 9.00985200e-01 9.01945998e-01 9.04701069e-01
 9.05132968e-01 9.06732342e-01 9.07817875e-01 9.08377644e-01
 9.08479978e-01 9.09893741e-01 9.11030485e-01 9.12099568e-01
 9.12461607e-01 9.13755880e-01 9.14884789e-01 9.15051362e-01
 9.17700860e-01 9.17933557e-01 9.19295132e-01 9.19691299e-01
 9.20262379e-01 9.20355323e-01 9.22020636e-01 9.22661090e-01
 9.23932692e-01 9.24228964e-01 9.25412678e-01 9.26176551e-01
 9.26674819e-01 9.27934485e-01 9.28101042e-01 9.28541302e-01
 9.29394611e-01 9.29868327e-01 9.30279681e-01 9.30776803e-01
 9.32188145e-01 9.32452847e-01 9.33462226e-01 9.33897939e-01
 9.34030680e-01 9.34560052e-01 9.34704989e-01 9.35886938e-01
 9.36097342e-01 9.36654449e-01 9.37160858e-01 9.38227541e-01
 9.38851958e-01 9.39560535e-01 9.39941091e-01 9.40466181e-01
 9.40802596e-01 9.41359389e-01 9.42864956e-01 9.43150312e-01
 9.43849975e-01 9.44040786e-01 9.44608675e-01 9.45420238e-01
 9.46402859e-01 9.47009721e-01 9.47474672e-01 9.48211582e-01
 9.48919344e-01 9.49637339e-01 9.49792871e-01 9.50262299e-01
 9.50667718e-01 9.51285965e-01 9.52056061e-01 9.52516233e-01
 9.53053356e-01 9.53722218e-01 9.54113236e-01 9.54855694e-01
 9.55495037e-01 9.56110440e-01 9.56699972e-01 9.56998094e-01
 9.57768021e-01 9.57949745e-01 9.58379550e-01 9.58630274e-01
 9.59543586e-01 9.59796214e-01 9.59998045e-01 9.60584245e-01
 9.60855208e-01 9.61520453e-01 9.61739627e-01 9.62561326e-01
 9.63321004e-01 9.64436891e-01 9.64655416e-01 9.64843460e-01
 9.64987871e-01 9.65647190e-01 9.66261302e-01 9.66718807e-01
 9.67341265e-01 9.67385767e-01 9.67877427e-01 9.68431186e-01
 9.68708431e-01 9.69454881e-01 9.69748327e-01 9.70097402e-01
 9.70543980e-01 9.71043418e-01 9.71638538e-01 9.71972197e-01
 9.72211597e-01 9.72704477e-01 9.73071524e-01 9.73495922e-01
 9.73892214e-01 9.74781317e-01 9.75147966e-01 9.75624520e-01
 9.76059144e-01 9.76277415e-01 9.76340826e-01 9.76870477e-01
 9.77019726e-01 9.77371054e-01 9.77477965e-01 9.78753282e-01
 9.78936220e-01 9.79370009e-01 9.80011900e-01 9.80281254e-01
 9.80918839e-01 9.81119591e-01 9.81350218e-01 9.81891379e-01
 9.82145776e-01 9.82336445e-01 9.82650397e-01 9.83223024e-01
 9.83521671e-01 9.84015501e-01 9.84129622e-01 9.84839424e-01
 9.85111632e-01 9.85847305e-01 9.85940412e-01 9.86520078e-01
 9.86760718e-01 9.87056034e-01 9.87611100e-01 9.87866463e-01
 9.88329639e-01 9.88762047e-01 9.89115696e-01 9.89570475e-01
 9.89737557e-01 9.90079975e-01 9.90751901e-01 9.91095138e-01
 9.91293053e-01 9.91645146e-01 9.91885935e-01 9.92043435e-01
 9.92776329e-01 9.92926618e-01 9.93099826e-01 9.93618730e-01
 9.93931471e-01 9.94069976e-01 9.94352718e-01 9.94415587e-01
 9.94908611e-01 9.95150894e-01 9.95576419e-01 9.95718820e-01
 9.95853897e-01 9.96339153e-01 9.96633611e-01 9.96746870e-01
 9.97144002e-01 9.97302858e-01 9.97536054e-01 9.97660576e-01
 9.97838249e-01 9.98270047e-01 9.98626183e-01 9.98915571e-01
 9.99210017e-01 9.99271001e-01 9.99467637e-01 9.99514380e-01
 9.99816969e-01 9.99884661e-01 9.99943013e-01 1.00001392e+00
 1.00013747e+00 1.00036514e+00 1.00054412e+00 1.00068243e+00
 1.00084457e+00 1.00094805e+00 1.00114038e+00 1.00145080e+00
 1.00179730e+00 1.00199896e+00 1.00204946e+00 1.00215583e+00
 1.00274511e+00 1.00282290e+00 1.00301580e+00 1.00314161e+00
 1.00352145e+00 1.00384503e+00 1.00424617e+00 1.00461812e+00
 1.00470091e+00 1.00492659e+00 1.00516773e+00 1.00562194e+00
 1.00585437e+00 1.00630056e+00 1.00648024e+00 1.00683314e+00
 1.00725147e+00 1.00763299e+00 1.00789895e+00 1.00821460e+00
 1.00882060e+00 1.00936491e+00 1.00945790e+00 1.00966866e+00
 1.00999549e+00 1.01060414e+00 1.01111024e+00 1.01118671e+00
 1.01169486e+00 1.01183866e+00 1.01235531e+00 1.01278809e+00
 1.01321632e+00 1.01347172e+00 1.01392605e+00 1.01409607e+00
 1.01462855e+00 1.01475175e+00 1.01511680e+00 1.01557608e+00
 1.01614678e+00 1.01627261e+00 1.01648568e+00 1.01698733e+00
 1.01756549e+00 1.01795784e+00 1.01865172e+00 1.01890696e+00
 1.01944344e+00 1.01992546e+00 1.02007783e+00 1.02035918e+00
 1.02056105e+00 1.02094732e+00 1.02169022e+00 1.02191212e+00
 1.02237766e+00 1.02275802e+00 1.02342541e+00 1.02447099e+00
 1.02460735e+00 1.02542455e+00 1.02548109e+00 1.02581830e+00
 1.02597359e+00 1.02660885e+00 1.02732421e+00 1.02761708e+00
 1.02802215e+00 1.02817146e+00 1.02849537e+00 1.02906151e+00
 1.02989892e+00 1.03006747e+00 1.03052781e+00 1.03130729e+00
 1.03196174e+00 1.03204836e+00 1.03259036e+00 1.03267083e+00
 1.03317465e+00 1.03368850e+00 1.03383625e+00 1.03400591e+00
 1.03427540e+00 1.03466651e+00 1.03524269e+00 1.03581196e+00
 1.03610171e+00 1.03642326e+00 1.03691513e+00 1.03767489e+00
 1.03841300e+00 1.03893129e+00 1.03937390e+00 1.03973784e+00
 1.04024516e+00 1.04044307e+00 1.04085703e+00 1.04120996e+00
 1.04151374e+00 1.04218239e+00 1.04287087e+00 1.04301803e+00
 1.04376810e+00 1.04436971e+00 1.04463359e+00 1.04485212e+00
 1.04550386e+00 1.04614155e+00 1.04647096e+00 1.04647920e+00
 1.04708120e+00 1.04759743e+00 1.04798739e+00 1.04871607e+00
 1.04976499e+00 1.05022517e+00 1.05057274e+00 1.05107619e+00
 1.05152471e+00 1.05261518e+00 1.05279400e+00 1.05348922e+00
 1.05373290e+00 1.05452993e+00 1.05469348e+00 1.05513009e+00
 1.05548076e+00 1.05619340e+00 1.05746035e+00 1.05762833e+00
 1.05826281e+00 1.05876209e+00 1.05898117e+00 1.05971137e+00
 1.05983533e+00 1.05998387e+00 1.06049713e+00 1.06110234e+00
 1.06177879e+00 1.06226969e+00 1.06244037e+00 1.06326887e+00
 1.06367079e+00 1.06449694e+00 1.06474717e+00 1.06542824e+00
 1.06580994e+00 1.06620899e+00 1.06714823e+00 1.06757245e+00
 1.06813742e+00 1.06899981e+00 1.06953000e+00 1.07056614e+00
 1.07101735e+00 1.07212203e+00 1.07319422e+00 1.07372909e+00
 1.07432141e+00 1.07505486e+00 1.07569176e+00 1.07716624e+00
 1.07776451e+00 1.07841440e+00 1.07896829e+00 1.08022618e+00
 1.08080965e+00 1.08171477e+00 1.08224605e+00 1.08279218e+00
 1.08318739e+00 1.08358289e+00 1.08515991e+00 1.08531497e+00
 1.08664781e+00 1.08682229e+00 1.08821363e+00 1.08958885e+00
 1.09013758e+00 1.09046664e+00 1.09088421e+00 1.09168256e+00
 1.09267508e+00 1.09448377e+00 1.09492277e+00 1.09540127e+00
 1.09654530e+00 1.09753415e+00 1.09879333e+00 1.09955257e+00
 1.10026186e+00 1.10242011e+00 1.10256431e+00 1.10407761e+00
 1.10514874e+00 1.10583194e+00 1.10656420e+00 1.10759705e+00
 1.10890257e+00 1.10908653e+00 1.11018639e+00 1.11047132e+00
 1.11196762e+00 1.11338317e+00 1.11367235e+00 1.11447022e+00
 1.11531641e+00 1.11695286e+00 1.11766031e+00 1.11981676e+00
 1.12063367e+00 1.12170102e+00 1.12272988e+00 1.12394575e+00
 1.12455163e+00 1.12674014e+00 1.12750872e+00 1.12807333e+00
 1.12867074e+00 1.12987444e+00 1.13089412e+00 1.13306399e+00
 1.13379879e+00 1.13561367e+00 1.13700878e+00 1.13813506e+00
 1.13995426e+00 1.14043862e+00 1.14147441e+00 1.14229491e+00
 1.14359752e+00 1.14560882e+00 1.14760704e+00 1.14952845e+00
 1.15105960e+00 1.15378857e+00 1.15512309e+00 1.15740494e+00
 1.15977278e+00 1.16037715e+00 1.16269605e+00 1.16617969e+00
 1.16742722e+00 1.17006980e+00 1.17067597e+00 1.17319372e+00
 1.17628188e+00 1.17843073e+00 1.18049441e+00 1.18322160e+00
 1.18528253e+00 1.19013455e+00 1.19258327e+00 1.19591297e+00
 1.19657619e+00 1.19719028e+00 1.19929862e+00 1.20285186e+00
 1.20777590e+00 1.20924180e+00 1.21167101e+00 1.21260359e+00
 1.21392672e+00 1.21816564e+00 1.22135319e+00 1.22812853e+00
 1.23574099e+00 1.24067500e+00 1.24343518e+00 1.24848921e+00
 1.25246933e+00 1.25946601e+00 1.26240368e+00 1.27157086e+00
 1.27403794e+00 1.27798433e+00 1.28645833e+00 1.29345189e+00
 1.29871798e+00 1.30227467e+00 1.31110600e+00 1.33652690e+00
 1.33972722e+00 1.34496244e+00 1.35323938e+00 1.36288530e+00
 1.37783516e+00 1.39375249e+00 1.40147135e+00 1.42040082e+00
 1.44994531e+00 1.45778033e+00 1.49153774e+00 1.52319485e+00
 1.54861449e+00 1.55814619e+00]",1.558146185858528,14.90485699141254
