Region,Region_Name,Region_Type,Seed,Strategy,Fraction_Removed,LCC_Size,Percolation_Threshold,Percolation_Type
MB,Mushroom Body,Original,N/A,random,0.0,1.0,0.013443113809530297,Node
MB,Mushroom Body,Original,N/A,random,0.05,0.9515050167224081,0.013443113809530297,Node
MB,Mushroom Body,Original,N/A,random,0.1,0.9013377926421404,0.013443113809530297,Node
MB,Mushroom Body,Original,N/A,random,0.15000000000000002,0.8511705685618729,0.013443113809530297,Node
MB,Mushroom Body,Original,N/A,random,0.2,0.8010033444816054,0.013443113809530297,Node
MB,Mushroom Body,Original,N/A,random,0.25,0.7501672240802676,0.013443113809530297,Node
MB,Mushroom Body,Original,N/A,random,0.30000000000000004,0.7,0.013443113809530297,Node
MB,Mushroom Body,Original,N/A,random,0.35000000000000003,0.6494983277591974,0.013443113809530297,Node
MB,Mushroom Body,Original,N/A,random,0.4,0.5993311036789298,0.013443113809530297,Node
MB,Mushroom Body,Original,N/A,random,0.45,0.5488294314381271,0.013443113809530297,Node
MB,Mushroom Body,Original,N/A,random,0.5,0.49866220735785954,0.013443113809530297,Node
MB,Mushroom Body,Original,N/A,random,0.55,0.4498327759197324,0.013443113809530297,Node
MB,Mushroom Body,Original,N/A,random,0.6000000000000001,0.3996655518394649,0.013443113809530297,Node
MB,Mushroom Body,Original,N/A,random,0.65,0.3494983277591973,0.013443113809530297,Node
MB,Mushroom Body,Original,N/A,random,0.7000000000000001,0.2993311036789298,0.013443113809530297,Node
MB,Mushroom Body,Original,N/A,random,0.75,0.2468227424749164,0.013443113809530297,Node
MB,Mushroom Body,Original,N/A,random,0.8,0.19531772575250836,0.013443113809530297,Node
MB,Mushroom Body,Original,N/A,random,0.8500000000000001,0.14347826086956522,0.013443113809530297,Node
MB,Mushroom Body,Original,N/A,random,0.9,0.09096989966555183,0.013443113809530297,Node
MB,Mushroom Body,Original,N/A,random,0.9500000000000001,0.03311036789297659,0.013443113809530297,Node
MB,Mushroom Body,Original,N/A,random,1.0,0.0,0.013443113809530297,Node
MB,Mushroom Body,Original,N/A,high_degree,0.0,1.0,0.013443113809530297,Node
MB,Mushroom Body,Original,N/A,high_degree,0.05,0.9515050167224081,0.013443113809530297,Node
MB,Mushroom Body,Original,N/A,high_degree,0.1,0.8913043478260869,0.013443113809530297,Node
MB,Mushroom Body,Original,N/A,high_degree,0.15000000000000002,0.822742474916388,0.013443113809530297,Node
MB,Mushroom Body,Original,N/A,high_degree,0.2,0.7525083612040134,0.013443113809530297,Node
MB,Mushroom Body,Original,N/A,high_degree,0.25,0.6956521739130435,0.013443113809530297,Node
MB,Mushroom Body,Original,N/A,high_degree,0.30000000000000004,0.6270903010033445,0.013443113809530297,Node
MB,Mushroom Body,Original,N/A,high_degree,0.35000000000000003,0.5635451505016722,0.013443113809530297,Node
MB,Mushroom Body,Original,N/A,high_degree,0.4,0.4866220735785953,0.013443113809530297,Node
MB,Mushroom Body,Original,N/A,high_degree,0.45,0.411371237458194,0.013443113809530297,Node
MB,Mushroom Body,Original,N/A,high_degree,0.5,0.27424749163879597,0.013443113809530297,Node
MB,Mushroom Body,Original,N/A,high_degree,0.55,0.15551839464882944,0.013443113809530297,Node
MB,Mushroom Body,Original,N/A,high_degree,0.6000000000000001,0.09531772575250837,0.013443113809530297,Node
MB,Mushroom Body,Original,N/A,high_degree,0.65,0.07190635451505016,0.013443113809530297,Node
MB,Mushroom Body,Original,N/A,high_degree,0.7000000000000001,0.051839464882943144,0.013443113809530297,Node
MB,Mushroom Body,Original,N/A,high_degree,0.75,0.021739130434782608,0.013443113809530297,Node
MB,Mushroom Body,Original,N/A,high_degree,0.8,0.01839464882943144,0.013443113809530297,Node
MB,Mushroom Body,Original,N/A,high_degree,0.8500000000000001,0.011705685618729096,0.013443113809530297,Node
MB,Mushroom Body,Original,N/A,high_degree,0.9,0.010033444816053512,0.013443113809530297,Node
MB,Mushroom Body,Original,N/A,high_degree,0.9500000000000001,0.0033444816053511705,0.013443113809530297,Node
MB,Mushroom Body,Original,N/A,high_degree,1.0,0.0,0.013443113809530297,Node
MB,Mushroom Body,Original,N/A,low_degree,0.0,1.0,0.013443113809530297,Node
MB,Mushroom Body,Original,N/A,low_degree,0.05,0.9515050167224081,0.013443113809530297,Node
MB,Mushroom Body,Original,N/A,low_degree,0.1,0.9013377926421404,0.013443113809530297,Node
MB,Mushroom Body,Original,N/A,low_degree,0.15000000000000002,0.8511705685618729,0.013443113809530297,Node
MB,Mushroom Body,Original,N/A,low_degree,0.2,0.8010033444816054,0.013443113809530297,Node
MB,Mushroom Body,Original,N/A,low_degree,0.25,0.7508361204013378,0.013443113809530297,Node
MB,Mushroom Body,Original,N/A,low_degree,0.30000000000000004,0.7006688963210702,0.013443113809530297,Node
MB,Mushroom Body,Original,N/A,low_degree,0.35000000000000003,0.6505016722408027,0.013443113809530297,Node
MB,Mushroom Body,Original,N/A,low_degree,0.4,0.6003344481605352,0.013443113809530297,Node
MB,Mushroom Body,Original,N/A,low_degree,0.45,0.5501672240802675,0.013443113809530297,Node
MB,Mushroom Body,Original,N/A,low_degree,0.5,0.5,0.013443113809530297,Node
MB,Mushroom Body,Original,N/A,low_degree,0.55,0.451505016722408,0.013443113809530297,Node
MB,Mushroom Body,Original,N/A,low_degree,0.6000000000000001,0.4013377926421405,0.013443113809530297,Node
MB,Mushroom Body,Original,N/A,low_degree,0.65,0.3511705685618729,0.013443113809530297,Node
MB,Mushroom Body,Original,N/A,low_degree,0.7000000000000001,0.3010033444816054,0.013443113809530297,Node
MB,Mushroom Body,Original,N/A,low_degree,0.75,0.2508361204013378,0.013443113809530297,Node
MB,Mushroom Body,Original,N/A,low_degree,0.8,0.20066889632107024,0.013443113809530297,Node
MB,Mushroom Body,Original,N/A,low_degree,0.8500000000000001,0.1505016722408027,0.013443113809530297,Node
MB,Mushroom Body,Original,N/A,low_degree,0.9,0.10033444816053512,0.013443113809530297,Node
MB,Mushroom Body,Original,N/A,low_degree,0.9500000000000001,0.05016722408026756,0.013443113809530297,Node
MB,Mushroom Body,Original,N/A,low_degree,1.0,0.0,0.013443113809530297,Node
FB,Fan-shaped Body,Original,N/A,random,0.0,1.0,0.005528551647510491,Node
FB,Fan-shaped Body,Original,N/A,random,0.05,0.9389830508474576,0.005528551647510491,Node
FB,Fan-shaped Body,Original,N/A,random,0.1,0.8768666972056802,0.005528551647510491,Node
FB,Fan-shaped Body,Original,N/A,random,0.15000000000000002,0.8172240036646816,0.005528551647510491,Node
FB,Fan-shaped Body,Original,N/A,random,0.2,0.7565277141548328,0.005528551647510491,Node
FB,Fan-shaped Body,Original,N/A,random,0.25,0.6967475950526798,0.005528551647510491,Node
FB,Fan-shaped Body,Original,N/A,random,0.30000000000000004,0.6401740723774622,0.005528551647510491,Node
FB,Fan-shaped Body,Original,N/A,random,0.35000000000000003,0.583096655978012,0.005528551647510491,Node
FB,Fan-shaped Body,Original,N/A,random,0.4,0.5272102611085663,0.005528551647510491,Node
FB,Fan-shaped Body,Original,N/A,random,0.45,0.4717361429225836,0.005528551647510491,Node
FB,Fan-shaped Body,Original,N/A,random,0.5,0.41759047182776,0.005528551647510491,Node
FB,Fan-shaped Body,Original,N/A,random,0.55,0.36752175904718276,0.005528551647510491,Node
FB,Fan-shaped Body,Original,N/A,random,0.6000000000000001,0.31717819514429685,0.005528551647510491,Node
FB,Fan-shaped Body,Original,N/A,random,0.65,0.27100320659642696,0.005528551647510491,Node
FB,Fan-shaped Body,Original,N/A,random,0.7000000000000001,0.22556115437471372,0.005528551647510491,Node
FB,Fan-shaped Body,Original,N/A,random,0.75,0.18140174072377463,0.005528551647510491,Node
FB,Fan-shaped Body,Original,N/A,random,0.8,0.14058634906092532,0.005528551647510491,Node
FB,Fan-shaped Body,Original,N/A,random,0.8500000000000001,0.10059551076500228,0.005528551647510491,Node
FB,Fan-shaped Body,Original,N/A,random,0.9,0.061978928080623,0.005528551647510491,Node
FB,Fan-shaped Body,Original,N/A,random,0.9500000000000001,0.02711864406779661,0.005528551647510491,Node
FB,Fan-shaped Body,Original,N/A,random,1.0,0.0,0.005528551647510491,Node
FB,Fan-shaped Body,Original,N/A,high_degree,0.0,1.0,0.005528551647510491,Node
FB,Fan-shaped Body,Original,N/A,high_degree,0.05,0.8105817682088868,0.005528551647510491,Node
FB,Fan-shaped Body,Original,N/A,high_degree,0.1,0.6637654603756299,0.005528551647510491,Node
FB,Fan-shaped Body,Original,N/A,high_degree,0.15000000000000002,0.5723774622079707,0.005528551647510491,Node
FB,Fan-shaped Body,Original,N/A,high_degree,0.2,0.49289967934035733,0.005528551647510491,Node
FB,Fan-shaped Body,Original,N/A,high_degree,0.25,0.42304168575355017,0.005528551647510491,Node
FB,Fan-shaped Body,Original,N/A,high_degree,0.30000000000000004,0.34883188273018784,0.005528551647510491,Node
FB,Fan-shaped Body,Original,N/A,high_degree,0.35000000000000003,0.27347686669720567,0.005528551647510491,Node
FB,Fan-shaped Body,Original,N/A,high_degree,0.4,0.20636738433348603,0.005528551647510491,Node
FB,Fan-shaped Body,Original,N/A,high_degree,0.45,0.1211635364177737,0.005528551647510491,Node
FB,Fan-shaped Body,Original,N/A,high_degree,0.5,0.02244617498854787,0.005528551647510491,Node
FB,Fan-shaped Body,Original,N/A,high_degree,0.55,0.018781493357764543,0.005528551647510491,Node
FB,Fan-shaped Body,Original,N/A,high_degree,0.6000000000000001,0.0006871278057718735,0.005528551647510491,Node
FB,Fan-shaped Body,Original,N/A,high_degree,0.65,0.0004580852038479157,0.005528551647510491,Node
FB,Fan-shaped Body,Original,N/A,high_degree,0.7000000000000001,0.0004580852038479157,0.005528551647510491,Node
FB,Fan-shaped Body,Original,N/A,high_degree,0.75,0.00022904260192395785,0.005528551647510491,Node
FB,Fan-shaped Body,Original,N/A,high_degree,0.8,0.00022904260192395785,0.005528551647510491,Node
FB,Fan-shaped Body,Original,N/A,high_degree,0.8500000000000001,0.00022904260192395785,0.005528551647510491,Node
FB,Fan-shaped Body,Original,N/A,high_degree,0.9,0.00022904260192395785,0.005528551647510491,Node
FB,Fan-shaped Body,Original,N/A,high_degree,0.9500000000000001,0.00022904260192395785,0.005528551647510491,Node
FB,Fan-shaped Body,Original,N/A,high_degree,1.0,0.0,0.005528551647510491,Node
FB,Fan-shaped Body,Original,N/A,low_degree,0.0,1.0,0.005528551647510491,Node
FB,Fan-shaped Body,Original,N/A,low_degree,0.05,0.9500687127805771,0.005528551647510491,Node
FB,Fan-shaped Body,Original,N/A,low_degree,0.1,0.9001374255611544,0.005528551647510491,Node
FB,Fan-shaped Body,Original,N/A,low_degree,0.15000000000000002,0.8502061383417315,0.005528551647510491,Node
FB,Fan-shaped Body,Original,N/A,low_degree,0.2,0.8000458085203848,0.005528551647510491,Node
FB,Fan-shaped Body,Original,N/A,low_degree,0.25,0.750114521300962,0.005528551647510491,Node
FB,Fan-shaped Body,Original,N/A,low_degree,0.30000000000000004,0.7001832340815392,0.005528551647510491,Node
FB,Fan-shaped Body,Original,N/A,low_degree,0.35000000000000003,0.6500229042601924,0.005528551647510491,Node
FB,Fan-shaped Body,Original,N/A,low_degree,0.4,0.6000916170407696,0.005528551647510491,Node
FB,Fan-shaped Body,Original,N/A,low_degree,0.45,0.5501603298213468,0.005528551647510491,Node
FB,Fan-shaped Body,Original,N/A,low_degree,0.5,0.5,0.005528551647510491,Node
FB,Fan-shaped Body,Original,N/A,low_degree,0.55,0.4500687127805772,0.005528551647510491,Node
FB,Fan-shaped Body,Original,N/A,low_degree,0.6000000000000001,0.4001374255611544,0.005528551647510491,Node
FB,Fan-shaped Body,Original,N/A,low_degree,0.65,0.3502061383417316,0.005528551647510491,Node
FB,Fan-shaped Body,Original,N/A,low_degree,0.7000000000000001,0.3000458085203848,0.005528551647510491,Node
FB,Fan-shaped Body,Original,N/A,low_degree,0.75,0.25011452130096196,0.005528551647510491,Node
FB,Fan-shaped Body,Original,N/A,low_degree,0.8,0.20018323408153918,0.005528551647510491,Node
FB,Fan-shaped Body,Original,N/A,low_degree,0.8500000000000001,0.1500229042601924,0.005528551647510491,Node
FB,Fan-shaped Body,Original,N/A,low_degree,0.9,0.10009161704076959,0.005528551647510491,Node
FB,Fan-shaped Body,Original,N/A,low_degree,0.9500000000000001,0.05016032982134677,0.005528551647510491,Node
FB,Fan-shaped Body,Original,N/A,low_degree,1.0,0.0,0.005528551647510491,Node
EB,Ellipsoid Body,Original,N/A,random,0.0,1.0,0.005816827701630643,Node
EB,Ellipsoid Body,Original,N/A,random,0.05,0.9379391100702577,0.005816827701630643,Node
EB,Ellipsoid Body,Original,N/A,random,0.1,0.8744730679156909,0.005816827701630643,Node
EB,Ellipsoid Body,Original,N/A,random,0.15000000000000002,0.8098360655737705,0.005816827701630643,Node
EB,Ellipsoid Body,Original,N/A,random,0.2,0.7540983606557377,0.005816827701630643,Node
EB,Ellipsoid Body,Original,N/A,random,0.25,0.693911007025761,0.005816827701630643,Node
EB,Ellipsoid Body,Original,N/A,random,0.30000000000000004,0.6302107728337237,0.005816827701630643,Node
EB,Ellipsoid Body,Original,N/A,random,0.35000000000000003,0.5740046838407494,0.005816827701630643,Node
EB,Ellipsoid Body,Original,N/A,random,0.4,0.5192037470725996,0.005816827701630643,Node
EB,Ellipsoid Body,Original,N/A,random,0.45,0.46697892271662766,0.005816827701630643,Node
EB,Ellipsoid Body,Original,N/A,random,0.5,0.4131147540983607,0.005816827701630643,Node
EB,Ellipsoid Body,Original,N/A,random,0.55,0.36088992974238876,0.005816827701630643,Node
EB,Ellipsoid Body,Original,N/A,random,0.6000000000000001,0.31124121779859487,0.005816827701630643,Node
EB,Ellipsoid Body,Original,N/A,random,0.65,0.2690866510538642,0.005816827701630643,Node
EB,Ellipsoid Body,Original,N/A,random,0.7000000000000001,0.22412177985948478,0.005816827701630643,Node
EB,Ellipsoid Body,Original,N/A,random,0.75,0.1793911007025761,0.005816827701630643,Node
EB,Ellipsoid Body,Original,N/A,random,0.8,0.13864168618266978,0.005816827701630643,Node
EB,Ellipsoid Body,Original,N/A,random,0.8500000000000001,0.09929742388758782,0.005816827701630643,Node
EB,Ellipsoid Body,Original,N/A,random,0.9,0.061826697892271666,0.005816827701630643,Node
EB,Ellipsoid Body,Original,N/A,random,0.9500000000000001,0.02646370023419204,0.005816827701630643,Node
EB,Ellipsoid Body,Original,N/A,random,1.0,0.0,0.005816827701630643,Node
EB,Ellipsoid Body,Original,N/A,high_degree,0.0,1.0,0.005816827701630643,Node
EB,Ellipsoid Body,Original,N/A,high_degree,0.05,0.9110070257611241,0.005816827701630643,Node
EB,Ellipsoid Body,Original,N/A,high_degree,0.1,0.8044496487119438,0.005816827701630643,Node
EB,Ellipsoid Body,Original,N/A,high_degree,0.15000000000000002,0.7271662763466042,0.005816827701630643,Node
EB,Ellipsoid Body,Original,N/A,high_degree,0.2,0.6498829039812647,0.005816827701630643,Node
EB,Ellipsoid Body,Original,N/A,high_degree,0.25,0.5679156908665105,0.005816827701630643,Node
EB,Ellipsoid Body,Original,N/A,high_degree,0.30000000000000004,0.48243559718969553,0.005816827701630643,Node
EB,Ellipsoid Body,Original,N/A,high_degree,0.35000000000000003,0.38875878220140514,0.005816827701630643,Node
EB,Ellipsoid Body,Original,N/A,high_degree,0.4,0.2903981264637002,0.005816827701630643,Node
EB,Ellipsoid Body,Original,N/A,high_degree,0.45,0.22716627634660422,0.005816827701630643,Node
EB,Ellipsoid Body,Original,N/A,high_degree,0.5,0.16159250585480095,0.005816827701630643,Node
EB,Ellipsoid Body,Original,N/A,high_degree,0.55,0.09133489461358314,0.005816827701630643,Node
EB,Ellipsoid Body,Original,N/A,high_degree,0.6000000000000001,0.01873536299765808,0.005816827701630643,Node
EB,Ellipsoid Body,Original,N/A,high_degree,0.65,0.00585480093676815,0.005816827701630643,Node
EB,Ellipsoid Body,Original,N/A,high_degree,0.7000000000000001,0.00234192037470726,0.005816827701630643,Node
EB,Ellipsoid Body,Original,N/A,high_degree,0.75,0.00234192037470726,0.005816827701630643,Node
EB,Ellipsoid Body,Original,N/A,high_degree,0.8,0.00117096018735363,0.005816827701630643,Node
EB,Ellipsoid Body,Original,N/A,high_degree,0.8500000000000001,0.00117096018735363,0.005816827701630643,Node
EB,Ellipsoid Body,Original,N/A,high_degree,0.9,0.00117096018735363,0.005816827701630643,Node
EB,Ellipsoid Body,Original,N/A,high_degree,0.9500000000000001,0.00117096018735363,0.005816827701630643,Node
EB,Ellipsoid Body,Original,N/A,high_degree,1.0,0.0,0.005816827701630643,Node
EB,Ellipsoid Body,Original,N/A,low_degree,0.0,1.0,0.005816827701630643,Node
EB,Ellipsoid Body,Original,N/A,low_degree,0.05,0.9508196721311475,0.005816827701630643,Node
EB,Ellipsoid Body,Original,N/A,low_degree,0.1,0.9004683840749415,0.005816827701630643,Node
EB,Ellipsoid Body,Original,N/A,low_degree,0.15000000000000002,0.8501170960187353,0.005816827701630643,Node
EB,Ellipsoid Body,Original,N/A,low_degree,0.2,0.8009367681498829,0.005816827701630643,Node
EB,Ellipsoid Body,Original,N/A,low_degree,0.25,0.7505854800936768,0.005816827701630643,Node
EB,Ellipsoid Body,Original,N/A,low_degree,0.30000000000000004,0.7002341920374707,0.005816827701630643,Node
EB,Ellipsoid Body,Original,N/A,low_degree,0.35000000000000003,0.6510538641686182,0.005816827701630643,Node
EB,Ellipsoid Body,Original,N/A,low_degree,0.4,0.6007025761124122,0.005816827701630643,Node
EB,Ellipsoid Body,Original,N/A,low_degree,0.45,0.550351288056206,0.005816827701630643,Node
EB,Ellipsoid Body,Original,N/A,low_degree,0.5,0.5,0.005816827701630643,Node
EB,Ellipsoid Body,Original,N/A,low_degree,0.55,0.45081967213114754,0.005816827701630643,Node
EB,Ellipsoid Body,Original,N/A,low_degree,0.6000000000000001,0.40046838407494145,0.005816827701630643,Node
EB,Ellipsoid Body,Original,N/A,low_degree,0.65,0.35011709601873536,0.005816827701630643,Node
EB,Ellipsoid Body,Original,N/A,low_degree,0.7000000000000001,0.3009367681498829,0.005816827701630643,Node
EB,Ellipsoid Body,Original,N/A,low_degree,0.75,0.2505854800936768,0.005816827701630643,Node
EB,Ellipsoid Body,Original,N/A,low_degree,0.8,0.20023419203747073,0.005816827701630643,Node
EB,Ellipsoid Body,Original,N/A,low_degree,0.8500000000000001,0.15105386416861827,0.005816827701630643,Node
EB,Ellipsoid Body,Original,N/A,low_degree,0.9,0.10070257611241218,0.005816827701630643,Node
EB,Ellipsoid Body,Original,N/A,low_degree,0.9500000000000001,0.05035128805620609,0.005816827701630643,Node
EB,Ellipsoid Body,Original,N/A,low_degree,1.0,0.0,0.005816827701630643,Node
MB_cm_42,Mushroom Body,Unscaled CM,42,random,0.0,1.0,0.014519352339002407,Node
MB_cm_42,Mushroom Body,Unscaled CM,42,random,0.05,0.9515050167224081,0.014519352339002407,Node
MB_cm_42,Mushroom Body,Unscaled CM,42,random,0.1,0.9013377926421404,0.014519352339002407,Node
MB_cm_42,Mushroom Body,Unscaled CM,42,random,0.15000000000000002,0.8511705685618729,0.014519352339002407,Node
MB_cm_42,Mushroom Body,Unscaled CM,42,random,0.2,0.8010033444816054,0.014519352339002407,Node
MB_cm_42,Mushroom Body,Unscaled CM,42,random,0.25,0.7508361204013378,0.014519352339002407,Node
MB_cm_42,Mushroom Body,Unscaled CM,42,random,0.30000000000000004,0.7006688963210702,0.014519352339002407,Node
MB_cm_42,Mushroom Body,Unscaled CM,42,random,0.35000000000000003,0.6505016722408027,0.014519352339002407,Node
MB_cm_42,Mushroom Body,Unscaled CM,42,random,0.4,0.6003344481605352,0.014519352339002407,Node
MB_cm_42,Mushroom Body,Unscaled CM,42,random,0.45,0.5501672240802675,0.014519352339002407,Node
MB_cm_42,Mushroom Body,Unscaled CM,42,random,0.5,0.5,0.014519352339002407,Node
MB_cm_42,Mushroom Body,Unscaled CM,42,random,0.55,0.4511705685618729,0.014519352339002407,Node
MB_cm_42,Mushroom Body,Unscaled CM,42,random,0.6000000000000001,0.4006688963210703,0.014519352339002407,Node
MB_cm_42,Mushroom Body,Unscaled CM,42,random,0.65,0.35050167224080264,0.014519352339002407,Node
MB_cm_42,Mushroom Body,Unscaled CM,42,random,0.7000000000000001,0.3,0.014519352339002407,Node
MB_cm_42,Mushroom Body,Unscaled CM,42,random,0.75,0.2488294314381271,0.014519352339002407,Node
MB_cm_42,Mushroom Body,Unscaled CM,42,random,0.8,0.19498327759197326,0.014519352339002407,Node
MB_cm_42,Mushroom Body,Unscaled CM,42,random,0.8500000000000001,0.14214046822742474,0.014519352339002407,Node
MB_cm_42,Mushroom Body,Unscaled CM,42,random,0.9,0.08561872909698996,0.014519352339002407,Node
MB_cm_42,Mushroom Body,Unscaled CM,42,random,0.9500000000000001,0.033779264214046825,0.014519352339002407,Node
MB_cm_42,Mushroom Body,Unscaled CM,42,random,1.0,0.0,0.014519352339002407,Node
MB_cm_42,Mushroom Body,Unscaled CM,42,high_degree,0.0,1.0,0.014519352339002407,Node
MB_cm_42,Mushroom Body,Unscaled CM,42,high_degree,0.05,0.9515050167224081,0.014519352339002407,Node
MB_cm_42,Mushroom Body,Unscaled CM,42,high_degree,0.1,0.9013377926421404,0.014519352339002407,Node
MB_cm_42,Mushroom Body,Unscaled CM,42,high_degree,0.15000000000000002,0.8511705685618729,0.014519352339002407,Node
MB_cm_42,Mushroom Body,Unscaled CM,42,high_degree,0.2,0.7993311036789298,0.014519352339002407,Node
MB_cm_42,Mushroom Body,Unscaled CM,42,high_degree,0.25,0.745819397993311,0.014519352339002407,Node
MB_cm_42,Mushroom Body,Unscaled CM,42,high_degree,0.30000000000000004,0.6939799331103679,0.014519352339002407,Node
MB_cm_42,Mushroom Body,Unscaled CM,42,high_degree,0.35000000000000003,0.6421404682274248,0.014519352339002407,Node
MB_cm_42,Mushroom Body,Unscaled CM,42,high_degree,0.4,0.5869565217391305,0.014519352339002407,Node
MB_cm_42,Mushroom Body,Unscaled CM,42,high_degree,0.45,0.5267558528428093,0.014519352339002407,Node
MB_cm_42,Mushroom Body,Unscaled CM,42,high_degree,0.5,0.47324414715719065,0.014519352339002407,Node
MB_cm_42,Mushroom Body,Unscaled CM,42,high_degree,0.55,0.3896321070234114,0.014519352339002407,Node
MB_cm_42,Mushroom Body,Unscaled CM,42,high_degree,0.6000000000000001,0.31605351170568563,0.014519352339002407,Node
MB_cm_42,Mushroom Body,Unscaled CM,42,high_degree,0.65,0.18729096989966554,0.014519352339002407,Node
MB_cm_42,Mushroom Body,Unscaled CM,42,high_degree,0.7000000000000001,0.05351170568561873,0.014519352339002407,Node
MB_cm_42,Mushroom Body,Unscaled CM,42,high_degree,0.75,0.030100334448160536,0.014519352339002407,Node
MB_cm_42,Mushroom Body,Unscaled CM,42,high_degree,0.8,0.006688963210702341,0.014519352339002407,Node
MB_cm_42,Mushroom Body,Unscaled CM,42,high_degree,0.8500000000000001,0.0033444816053511705,0.014519352339002407,Node
MB_cm_42,Mushroom Body,Unscaled CM,42,high_degree,0.9,0.0033444816053511705,0.014519352339002407,Node
MB_cm_42,Mushroom Body,Unscaled CM,42,high_degree,0.9500000000000001,0.0033444816053511705,0.014519352339002407,Node
MB_cm_42,Mushroom Body,Unscaled CM,42,high_degree,1.0,0.0,0.014519352339002407,Node
MB_cm_42,Mushroom Body,Unscaled CM,42,low_degree,0.0,1.0,0.014519352339002407,Node
MB_cm_42,Mushroom Body,Unscaled CM,42,low_degree,0.05,0.9515050167224081,0.014519352339002407,Node
MB_cm_42,Mushroom Body,Unscaled CM,42,low_degree,0.1,0.9013377926421404,0.014519352339002407,Node
MB_cm_42,Mushroom Body,Unscaled CM,42,low_degree,0.15000000000000002,0.8511705685618729,0.014519352339002407,Node
MB_cm_42,Mushroom Body,Unscaled CM,42,low_degree,0.2,0.8010033444816054,0.014519352339002407,Node
MB_cm_42,Mushroom Body,Unscaled CM,42,low_degree,0.25,0.7508361204013378,0.014519352339002407,Node
MB_cm_42,Mushroom Body,Unscaled CM,42,low_degree,0.30000000000000004,0.7006688963210702,0.014519352339002407,Node
MB_cm_42,Mushroom Body,Unscaled CM,42,low_degree,0.35000000000000003,0.6505016722408027,0.014519352339002407,Node
MB_cm_42,Mushroom Body,Unscaled CM,42,low_degree,0.4,0.6003344481605352,0.014519352339002407,Node
MB_cm_42,Mushroom Body,Unscaled CM,42,low_degree,0.45,0.5501672240802675,0.014519352339002407,Node
MB_cm_42,Mushroom Body,Unscaled CM,42,low_degree,0.5,0.5,0.014519352339002407,Node
MB_cm_42,Mushroom Body,Unscaled CM,42,low_degree,0.55,0.451505016722408,0.014519352339002407,Node
MB_cm_42,Mushroom Body,Unscaled CM,42,low_degree,0.6000000000000001,0.4013377926421405,0.014519352339002407,Node
MB_cm_42,Mushroom Body,Unscaled CM,42,low_degree,0.65,0.3511705685618729,0.014519352339002407,Node
MB_cm_42,Mushroom Body,Unscaled CM,42,low_degree,0.7000000000000001,0.3010033444816054,0.014519352339002407,Node
MB_cm_42,Mushroom Body,Unscaled CM,42,low_degree,0.75,0.2508361204013378,0.014519352339002407,Node
MB_cm_42,Mushroom Body,Unscaled CM,42,low_degree,0.8,0.20066889632107024,0.014519352339002407,Node
MB_cm_42,Mushroom Body,Unscaled CM,42,low_degree,0.8500000000000001,0.1505016722408027,0.014519352339002407,Node
MB_cm_42,Mushroom Body,Unscaled CM,42,low_degree,0.9,0.10033444816053512,0.014519352339002407,Node
MB_cm_42,Mushroom Body,Unscaled CM,42,low_degree,0.9500000000000001,0.05016722408026756,0.014519352339002407,Node
MB_cm_42,Mushroom Body,Unscaled CM,42,low_degree,1.0,0.0,0.014519352339002407,Node
MB_cm_123,Mushroom Body,Unscaled CM,123,random,0.0,1.0,0.014414708235838429,Node
MB_cm_123,Mushroom Body,Unscaled CM,123,random,0.05,0.9515050167224081,0.014414708235838429,Node
MB_cm_123,Mushroom Body,Unscaled CM,123,random,0.1,0.9013377926421404,0.014414708235838429,Node
MB_cm_123,Mushroom Body,Unscaled CM,123,random,0.15000000000000002,0.8511705685618729,0.014414708235838429,Node
MB_cm_123,Mushroom Body,Unscaled CM,123,random,0.2,0.8010033444816054,0.014414708235838429,Node
MB_cm_123,Mushroom Body,Unscaled CM,123,random,0.25,0.7508361204013378,0.014414708235838429,Node
MB_cm_123,Mushroom Body,Unscaled CM,123,random,0.30000000000000004,0.7006688963210702,0.014414708235838429,Node
MB_cm_123,Mushroom Body,Unscaled CM,123,random,0.35000000000000003,0.6505016722408027,0.014414708235838429,Node
MB_cm_123,Mushroom Body,Unscaled CM,123,random,0.4,0.6003344481605352,0.014414708235838429,Node
MB_cm_123,Mushroom Body,Unscaled CM,123,random,0.45,0.5501672240802675,0.014414708235838429,Node
MB_cm_123,Mushroom Body,Unscaled CM,123,random,0.5,0.5,0.014414708235838429,Node
MB_cm_123,Mushroom Body,Unscaled CM,123,random,0.55,0.45150501672240806,0.014414708235838429,Node
MB_cm_123,Mushroom Body,Unscaled CM,123,random,0.6000000000000001,0.4013377926421405,0.014414708235838429,Node
MB_cm_123,Mushroom Body,Unscaled CM,123,random,0.65,0.3494983277591973,0.014414708235838429,Node
MB_cm_123,Mushroom Body,Unscaled CM,123,random,0.7000000000000001,0.29866220735785953,0.014414708235838429,Node
MB_cm_123,Mushroom Body,Unscaled CM,123,random,0.75,0.2468227424749164,0.014414708235838429,Node
MB_cm_123,Mushroom Body,Unscaled CM,123,random,0.8,0.194314381270903,0.014414708235838429,Node
MB_cm_123,Mushroom Body,Unscaled CM,123,random,0.8500000000000001,0.13812709030100334,0.014414708235838429,Node
MB_cm_123,Mushroom Body,Unscaled CM,123,random,0.9,0.08528428093645485,0.014414708235838429,Node
MB_cm_123,Mushroom Body,Unscaled CM,123,random,0.9500000000000001,0.03277591973244147,0.014414708235838429,Node
MB_cm_123,Mushroom Body,Unscaled CM,123,random,1.0,0.0,0.014414708235838429,Node
MB_cm_123,Mushroom Body,Unscaled CM,123,high_degree,0.0,1.0,0.014414708235838429,Node
MB_cm_123,Mushroom Body,Unscaled CM,123,high_degree,0.05,0.9515050167224081,0.014414708235838429,Node
MB_cm_123,Mushroom Body,Unscaled CM,123,high_degree,0.1,0.9013377926421404,0.014414708235838429,Node
MB_cm_123,Mushroom Body,Unscaled CM,123,high_degree,0.15000000000000002,0.8511705685618729,0.014414708235838429,Node
MB_cm_123,Mushroom Body,Unscaled CM,123,high_degree,0.2,0.8010033444816054,0.014414708235838429,Node
MB_cm_123,Mushroom Body,Unscaled CM,123,high_degree,0.25,0.7508361204013378,0.014414708235838429,Node
MB_cm_123,Mushroom Body,Unscaled CM,123,high_degree,0.30000000000000004,0.6956521739130435,0.014414708235838429,Node
MB_cm_123,Mushroom Body,Unscaled CM,123,high_degree,0.35000000000000003,0.6421404682274248,0.014414708235838429,Node
MB_cm_123,Mushroom Body,Unscaled CM,123,high_degree,0.4,0.5852842809364549,0.014414708235838429,Node
MB_cm_123,Mushroom Body,Unscaled CM,123,high_degree,0.45,0.5317725752508361,0.014414708235838429,Node
MB_cm_123,Mushroom Body,Unscaled CM,123,high_degree,0.5,0.46153846153846156,0.014414708235838429,Node
MB_cm_123,Mushroom Body,Unscaled CM,123,high_degree,0.55,0.3896321070234114,0.014414708235838429,Node
MB_cm_123,Mushroom Body,Unscaled CM,123,high_degree,0.6000000000000001,0.29431438127090304,0.014414708235838429,Node
MB_cm_123,Mushroom Body,Unscaled CM,123,high_degree,0.65,0.1688963210702341,0.014414708235838429,Node
MB_cm_123,Mushroom Body,Unscaled CM,123,high_degree,0.7000000000000001,0.04013377926421405,0.014414708235838429,Node
MB_cm_123,Mushroom Body,Unscaled CM,123,high_degree,0.75,0.015050167224080268,0.014414708235838429,Node
MB_cm_123,Mushroom Body,Unscaled CM,123,high_degree,0.8,0.013377926421404682,0.014414708235838429,Node
MB_cm_123,Mushroom Body,Unscaled CM,123,high_degree,0.8500000000000001,0.011705685618729096,0.014414708235838429,Node
MB_cm_123,Mushroom Body,Unscaled CM,123,high_degree,0.9,0.005016722408026756,0.014414708235838429,Node
MB_cm_123,Mushroom Body,Unscaled CM,123,high_degree,0.9500000000000001,0.0016722408026755853,0.014414708235838429,Node
MB_cm_123,Mushroom Body,Unscaled CM,123,high_degree,1.0,0.0,0.014414708235838429,Node
MB_cm_123,Mushroom Body,Unscaled CM,123,low_degree,0.0,1.0,0.014414708235838429,Node
MB_cm_123,Mushroom Body,Unscaled CM,123,low_degree,0.05,0.9515050167224081,0.014414708235838429,Node
MB_cm_123,Mushroom Body,Unscaled CM,123,low_degree,0.1,0.9013377926421404,0.014414708235838429,Node
MB_cm_123,Mushroom Body,Unscaled CM,123,low_degree,0.15000000000000002,0.8511705685618729,0.014414708235838429,Node
MB_cm_123,Mushroom Body,Unscaled CM,123,low_degree,0.2,0.8010033444816054,0.014414708235838429,Node
MB_cm_123,Mushroom Body,Unscaled CM,123,low_degree,0.25,0.7508361204013378,0.014414708235838429,Node
MB_cm_123,Mushroom Body,Unscaled CM,123,low_degree,0.30000000000000004,0.7006688963210702,0.014414708235838429,Node
MB_cm_123,Mushroom Body,Unscaled CM,123,low_degree,0.35000000000000003,0.6505016722408027,0.014414708235838429,Node
MB_cm_123,Mushroom Body,Unscaled CM,123,low_degree,0.4,0.6003344481605352,0.014414708235838429,Node
MB_cm_123,Mushroom Body,Unscaled CM,123,low_degree,0.45,0.5501672240802675,0.014414708235838429,Node
MB_cm_123,Mushroom Body,Unscaled CM,123,low_degree,0.5,0.5,0.014414708235838429,Node
MB_cm_123,Mushroom Body,Unscaled CM,123,low_degree,0.55,0.451505016722408,0.014414708235838429,Node
MB_cm_123,Mushroom Body,Unscaled CM,123,low_degree,0.6000000000000001,0.4013377926421405,0.014414708235838429,Node
MB_cm_123,Mushroom Body,Unscaled CM,123,low_degree,0.65,0.3511705685618729,0.014414708235838429,Node
MB_cm_123,Mushroom Body,Unscaled CM,123,low_degree,0.7000000000000001,0.3010033444816054,0.014414708235838429,Node
MB_cm_123,Mushroom Body,Unscaled CM,123,low_degree,0.75,0.2508361204013378,0.014414708235838429,Node
MB_cm_123,Mushroom Body,Unscaled CM,123,low_degree,0.8,0.20066889632107024,0.014414708235838429,Node
MB_cm_123,Mushroom Body,Unscaled CM,123,low_degree,0.8500000000000001,0.1505016722408027,0.014414708235838429,Node
MB_cm_123,Mushroom Body,Unscaled CM,123,low_degree,0.9,0.10033444816053512,0.014414708235838429,Node
MB_cm_123,Mushroom Body,Unscaled CM,123,low_degree,0.9500000000000001,0.05016722408026756,0.014414708235838429,Node
MB_cm_123,Mushroom Body,Unscaled CM,123,low_degree,1.0,0.0,0.014414708235838429,Node
FB_cm_42,Fan-shaped Body,Unscaled CM,42,random,0.0,1.0,0.005029076261705391,Node
FB_cm_42,Fan-shaped Body,Unscaled CM,42,random,0.05,0.9377462207970682,0.005029076261705391,Node
FB_cm_42,Fan-shaped Body,Unscaled CM,42,random,0.1,0.8781951442968392,0.005029076261705391,Node
FB_cm_42,Fan-shaped Body,Unscaled CM,42,random,0.15000000000000002,0.8191479615208429,0.005029076261705391,Node
FB_cm_42,Fan-shaped Body,Unscaled CM,42,random,0.2,0.7594594594594595,0.005029076261705391,Node
FB_cm_42,Fan-shaped Body,Unscaled CM,42,random,0.25,0.7004122766834631,0.005029076261705391,Node
FB_cm_42,Fan-shaped Body,Unscaled CM,42,random,0.30000000000000004,0.6424644983967018,0.005029076261705391,Node
FB_cm_42,Fan-shaped Body,Unscaled CM,42,random,0.35000000000000003,0.5859825927622537,0.005029076261705391,Node
FB_cm_42,Fan-shaped Body,Unscaled CM,42,random,0.4,0.530554283096656,0.005029076261705391,Node
FB_cm_42,Fan-shaped Body,Unscaled CM,42,random,0.45,0.4751259734310582,0.005029076261705391,Node
FB_cm_42,Fan-shaped Body,Unscaled CM,42,random,0.5,0.4213925790196977,0.005029076261705391,Node
FB_cm_42,Fan-shaped Body,Unscaled CM,42,random,0.55,0.37086578103527257,0.005029076261705391,Node
FB_cm_42,Fan-shaped Body,Unscaled CM,42,random,0.6000000000000001,0.3212093449381585,0.005029076261705391,Node
FB_cm_42,Fan-shaped Body,Unscaled CM,42,random,0.65,0.27370590929912963,0.005029076261705391,Node
FB_cm_42,Fan-shaped Body,Unscaled CM,42,random,0.7000000000000001,0.226156665139716,0.005029076261705391,Node
FB_cm_42,Fan-shaped Body,Unscaled CM,42,random,0.75,0.18282180485570315,0.005029076261705391,Node
FB_cm_42,Fan-shaped Body,Unscaled CM,42,random,0.8,0.14090700870361889,0.005029076261705391,Node
FB_cm_42,Fan-shaped Body,Unscaled CM,42,random,0.8500000000000001,0.09986257443884562,0.005029076261705391,Node
FB_cm_42,Fan-shaped Body,Unscaled CM,42,random,0.9,0.061795693999083835,0.005029076261705391,Node
FB_cm_42,Fan-shaped Body,Unscaled CM,42,random,0.9500000000000001,0.02785158039395328,0.005029076261705391,Node
FB_cm_42,Fan-shaped Body,Unscaled CM,42,random,1.0,0.0,0.005029076261705391,Node
FB_cm_42,Fan-shaped Body,Unscaled CM,42,high_degree,0.0,1.0,0.005029076261705391,Node
FB_cm_42,Fan-shaped Body,Unscaled CM,42,high_degree,0.05,0.8776912505726066,0.005029076261705391,Node
FB_cm_42,Fan-shaped Body,Unscaled CM,42,high_degree,0.1,0.7794319743472286,0.005029076261705391,Node
FB_cm_42,Fan-shaped Body,Unscaled CM,42,high_degree,0.15000000000000002,0.6834631241410902,0.005029076261705391,Node
FB_cm_42,Fan-shaped Body,Unscaled CM,42,high_degree,0.2,0.5971140632157581,0.005029076261705391,Node
FB_cm_42,Fan-shaped Body,Unscaled CM,42,high_degree,0.25,0.5004580852038479,0.005029076261705391,Node
FB_cm_42,Fan-shaped Body,Unscaled CM,42,high_degree,0.30000000000000004,0.41594136509390744,0.005029076261705391,Node
FB_cm_42,Fan-shaped Body,Unscaled CM,42,high_degree,0.35000000000000003,0.3222629409070087,0.005029076261705391,Node
FB_cm_42,Fan-shaped Body,Unscaled CM,42,high_degree,0.4,0.22675217590471827,0.005029076261705391,Node
FB_cm_42,Fan-shaped Body,Unscaled CM,42,high_degree,0.45,0.10123683005038937,0.005029076261705391,Node
FB_cm_42,Fan-shaped Body,Unscaled CM,42,high_degree,0.5,0.002061383417315621,0.005029076261705391,Node
FB_cm_42,Fan-shaped Body,Unscaled CM,42,high_degree,0.55,0.0009161704076958314,0.005029076261705391,Node
FB_cm_42,Fan-shaped Body,Unscaled CM,42,high_degree,0.6000000000000001,0.0006871278057718735,0.005029076261705391,Node
FB_cm_42,Fan-shaped Body,Unscaled CM,42,high_degree,0.65,0.0006871278057718735,0.005029076261705391,Node
FB_cm_42,Fan-shaped Body,Unscaled CM,42,high_degree,0.7000000000000001,0.00022904260192395785,0.005029076261705391,Node
FB_cm_42,Fan-shaped Body,Unscaled CM,42,high_degree,0.75,0.00022904260192395785,0.005029076261705391,Node
FB_cm_42,Fan-shaped Body,Unscaled CM,42,high_degree,0.8,0.00022904260192395785,0.005029076261705391,Node
FB_cm_42,Fan-shaped Body,Unscaled CM,42,high_degree,0.8500000000000001,0.00022904260192395785,0.005029076261705391,Node
FB_cm_42,Fan-shaped Body,Unscaled CM,42,high_degree,0.9,0.00022904260192395785,0.005029076261705391,Node
FB_cm_42,Fan-shaped Body,Unscaled CM,42,high_degree,0.9500000000000001,0.00022904260192395785,0.005029076261705391,Node
FB_cm_42,Fan-shaped Body,Unscaled CM,42,high_degree,1.0,0.0,0.005029076261705391,Node
FB_cm_42,Fan-shaped Body,Unscaled CM,42,low_degree,0.0,1.0,0.005029076261705391,Node
FB_cm_42,Fan-shaped Body,Unscaled CM,42,low_degree,0.05,0.9500687127805771,0.005029076261705391,Node
FB_cm_42,Fan-shaped Body,Unscaled CM,42,low_degree,0.1,0.9001374255611544,0.005029076261705391,Node
FB_cm_42,Fan-shaped Body,Unscaled CM,42,low_degree,0.15000000000000002,0.8502061383417315,0.005029076261705391,Node
FB_cm_42,Fan-shaped Body,Unscaled CM,42,low_degree,0.2,0.8000458085203848,0.005029076261705391,Node
FB_cm_42,Fan-shaped Body,Unscaled CM,42,low_degree,0.25,0.750114521300962,0.005029076261705391,Node
FB_cm_42,Fan-shaped Body,Unscaled CM,42,low_degree,0.30000000000000004,0.7001832340815392,0.005029076261705391,Node
FB_cm_42,Fan-shaped Body,Unscaled CM,42,low_degree,0.35000000000000003,0.6500229042601924,0.005029076261705391,Node
FB_cm_42,Fan-shaped Body,Unscaled CM,42,low_degree,0.4,0.6000916170407696,0.005029076261705391,Node
FB_cm_42,Fan-shaped Body,Unscaled CM,42,low_degree,0.45,0.5501603298213468,0.005029076261705391,Node
FB_cm_42,Fan-shaped Body,Unscaled CM,42,low_degree,0.5,0.5,0.005029076261705391,Node
FB_cm_42,Fan-shaped Body,Unscaled CM,42,low_degree,0.55,0.4500687127805772,0.005029076261705391,Node
FB_cm_42,Fan-shaped Body,Unscaled CM,42,low_degree,0.6000000000000001,0.4001374255611544,0.005029076261705391,Node
FB_cm_42,Fan-shaped Body,Unscaled CM,42,low_degree,0.65,0.3502061383417316,0.005029076261705391,Node
FB_cm_42,Fan-shaped Body,Unscaled CM,42,low_degree,0.7000000000000001,0.3000458085203848,0.005029076261705391,Node
FB_cm_42,Fan-shaped Body,Unscaled CM,42,low_degree,0.75,0.25011452130096196,0.005029076261705391,Node
FB_cm_42,Fan-shaped Body,Unscaled CM,42,low_degree,0.8,0.20018323408153918,0.005029076261705391,Node
FB_cm_42,Fan-shaped Body,Unscaled CM,42,low_degree,0.8500000000000001,0.1500229042601924,0.005029076261705391,Node
FB_cm_42,Fan-shaped Body,Unscaled CM,42,low_degree,0.9,0.10009161704076959,0.005029076261705391,Node
FB_cm_42,Fan-shaped Body,Unscaled CM,42,low_degree,0.9500000000000001,0.05016032982134677,0.005029076261705391,Node
FB_cm_42,Fan-shaped Body,Unscaled CM,42,low_degree,1.0,0.0,0.005029076261705391,Node
FB_cm_123,Fan-shaped Body,Unscaled CM,123,random,0.0,1.0,0.005036683225473665,Node
FB_cm_123,Fan-shaped Body,Unscaled CM,123,random,0.05,0.937562986715529,0.005036683225473665,Node
FB_cm_123,Fan-shaped Body,Unscaled CM,123,random,0.1,0.8759505267979844,0.005036683225473665,Node
FB_cm_123,Fan-shaped Body,Unscaled CM,123,random,0.15000000000000002,0.8144754924415942,0.005036683225473665,Node
FB_cm_123,Fan-shaped Body,Unscaled CM,123,random,0.2,0.7556115437471369,0.005036683225473665,Node
FB_cm_123,Fan-shaped Body,Unscaled CM,123,random,0.25,0.6971140632157582,0.005036683225473665,Node
FB_cm_123,Fan-shaped Body,Unscaled CM,123,random,0.30000000000000004,0.6401282638570774,0.005036683225473665,Node
FB_cm_123,Fan-shaped Body,Unscaled CM,123,random,0.35000000000000003,0.5843792945487861,0.005036683225473665,Node
FB_cm_123,Fan-shaped Body,Unscaled CM,123,random,0.4,0.5290426019239579,0.005036683225473665,Node
FB_cm_123,Fan-shaped Body,Unscaled CM,123,random,0.45,0.47553825011452133,0.005036683225473665,Node
FB_cm_123,Fan-shaped Body,Unscaled CM,123,random,0.5,0.4216216216216216,0.005036683225473665,Node
FB_cm_123,Fan-shaped Body,Unscaled CM,123,random,0.55,0.37068254695373337,0.005036683225473665,Node
FB_cm_123,Fan-shaped Body,Unscaled CM,123,random,0.6000000000000001,0.32061383417315625,0.005036683225473665,Node
FB_cm_123,Fan-shaped Body,Unscaled CM,123,random,0.65,0.27301878149335773,0.005036683225473665,Node
FB_cm_123,Fan-shaped Body,Unscaled CM,123,random,0.7000000000000001,0.22556115437471372,0.005036683225473665,Node
FB_cm_123,Fan-shaped Body,Unscaled CM,123,random,0.75,0.18282180485570315,0.005036683225473665,Node
FB_cm_123,Fan-shaped Body,Unscaled CM,123,random,0.8,0.14218964727439304,0.005036683225473665,Node
FB_cm_123,Fan-shaped Body,Unscaled CM,123,random,0.8500000000000001,0.10064131928538708,0.005036683225473665,Node
FB_cm_123,Fan-shaped Body,Unscaled CM,123,random,0.9,0.061978928080623,0.005036683225473665,Node
FB_cm_123,Fan-shaped Body,Unscaled CM,123,random,0.9500000000000001,0.027759963353183693,0.005036683225473665,Node
FB_cm_123,Fan-shaped Body,Unscaled CM,123,random,1.0,0.0,0.005036683225473665,Node
FB_cm_123,Fan-shaped Body,Unscaled CM,123,high_degree,0.0,1.0,0.005036683225473665,Node
FB_cm_123,Fan-shaped Body,Unscaled CM,123,high_degree,0.05,0.8822721026110857,0.005036683225473665,Node
FB_cm_123,Fan-shaped Body,Unscaled CM,123,high_degree,0.1,0.7798900595510765,0.005036683225473665,Node
FB_cm_123,Fan-shaped Body,Unscaled CM,123,high_degree,0.15000000000000002,0.6866697205680257,0.005036683225473665,Node
FB_cm_123,Fan-shaped Body,Unscaled CM,123,high_degree,0.2,0.5913879981676592,0.005036683225473665,Node
FB_cm_123,Fan-shaped Body,Unscaled CM,123,high_degree,0.25,0.5006871278057718,0.005036683225473665,Node
FB_cm_123,Fan-shaped Body,Unscaled CM,123,high_degree,0.30000000000000004,0.41548327989005956,0.005036683225473665,Node
FB_cm_123,Fan-shaped Body,Unscaled CM,123,high_degree,0.35000000000000003,0.32707283554741184,0.005036683225473665,Node
FB_cm_123,Fan-shaped Body,Unscaled CM,123,high_degree,0.4,0.23224919835089328,0.005036683225473665,Node
FB_cm_123,Fan-shaped Body,Unscaled CM,123,high_degree,0.45,0.11314704535043518,0.005036683225473665,Node
FB_cm_123,Fan-shaped Body,Unscaled CM,123,high_degree,0.5,0.002061383417315621,0.005036683225473665,Node
FB_cm_123,Fan-shaped Body,Unscaled CM,123,high_degree,0.55,0.0006871278057718735,0.005036683225473665,Node
FB_cm_123,Fan-shaped Body,Unscaled CM,123,high_degree,0.6000000000000001,0.0004580852038479157,0.005036683225473665,Node
FB_cm_123,Fan-shaped Body,Unscaled CM,123,high_degree,0.65,0.0004580852038479157,0.005036683225473665,Node
FB_cm_123,Fan-shaped Body,Unscaled CM,123,high_degree,0.7000000000000001,0.0004580852038479157,0.005036683225473665,Node
FB_cm_123,Fan-shaped Body,Unscaled CM,123,high_degree,0.75,0.0004580852038479157,0.005036683225473665,Node
FB_cm_123,Fan-shaped Body,Unscaled CM,123,high_degree,0.8,0.00022904260192395785,0.005036683225473665,Node
FB_cm_123,Fan-shaped Body,Unscaled CM,123,high_degree,0.8500000000000001,0.00022904260192395785,0.005036683225473665,Node
FB_cm_123,Fan-shaped Body,Unscaled CM,123,high_degree,0.9,0.00022904260192395785,0.005036683225473665,Node
FB_cm_123,Fan-shaped Body,Unscaled CM,123,high_degree,0.9500000000000001,0.00022904260192395785,0.005036683225473665,Node
FB_cm_123,Fan-shaped Body,Unscaled CM,123,high_degree,1.0,0.0,0.005036683225473665,Node
FB_cm_123,Fan-shaped Body,Unscaled CM,123,low_degree,0.0,1.0,0.005036683225473665,Node
FB_cm_123,Fan-shaped Body,Unscaled CM,123,low_degree,0.05,0.9500687127805771,0.005036683225473665,Node
FB_cm_123,Fan-shaped Body,Unscaled CM,123,low_degree,0.1,0.9001374255611544,0.005036683225473665,Node
FB_cm_123,Fan-shaped Body,Unscaled CM,123,low_degree,0.15000000000000002,0.8502061383417315,0.005036683225473665,Node
FB_cm_123,Fan-shaped Body,Unscaled CM,123,low_degree,0.2,0.8000458085203848,0.005036683225473665,Node
FB_cm_123,Fan-shaped Body,Unscaled CM,123,low_degree,0.25,0.750114521300962,0.005036683225473665,Node
FB_cm_123,Fan-shaped Body,Unscaled CM,123,low_degree,0.30000000000000004,0.7001832340815392,0.005036683225473665,Node
FB_cm_123,Fan-shaped Body,Unscaled CM,123,low_degree,0.35000000000000003,0.6500229042601924,0.005036683225473665,Node
FB_cm_123,Fan-shaped Body,Unscaled CM,123,low_degree,0.4,0.6000916170407696,0.005036683225473665,Node
FB_cm_123,Fan-shaped Body,Unscaled CM,123,low_degree,0.45,0.5501603298213468,0.005036683225473665,Node
FB_cm_123,Fan-shaped Body,Unscaled CM,123,low_degree,0.5,0.5,0.005036683225473665,Node
FB_cm_123,Fan-shaped Body,Unscaled CM,123,low_degree,0.55,0.4500687127805772,0.005036683225473665,Node
FB_cm_123,Fan-shaped Body,Unscaled CM,123,low_degree,0.6000000000000001,0.4001374255611544,0.005036683225473665,Node
FB_cm_123,Fan-shaped Body,Unscaled CM,123,low_degree,0.65,0.3502061383417316,0.005036683225473665,Node
FB_cm_123,Fan-shaped Body,Unscaled CM,123,low_degree,0.7000000000000001,0.3000458085203848,0.005036683225473665,Node
FB_cm_123,Fan-shaped Body,Unscaled CM,123,low_degree,0.75,0.25011452130096196,0.005036683225473665,Node
FB_cm_123,Fan-shaped Body,Unscaled CM,123,low_degree,0.8,0.20018323408153918,0.005036683225473665,Node
FB_cm_123,Fan-shaped Body,Unscaled CM,123,low_degree,0.8500000000000001,0.1500229042601924,0.005036683225473665,Node
FB_cm_123,Fan-shaped Body,Unscaled CM,123,low_degree,0.9,0.10009161704076959,0.005036683225473665,Node
FB_cm_123,Fan-shaped Body,Unscaled CM,123,low_degree,0.9500000000000001,0.05016032982134677,0.005036683225473665,Node
FB_cm_123,Fan-shaped Body,Unscaled CM,123,low_degree,1.0,0.0,0.005036683225473665,Node
EB_cm_42,Ellipsoid Body,Unscaled CM,42,random,0.0,1.0,0.00620084110437869,Node
EB_cm_42,Ellipsoid Body,Unscaled CM,42,random,0.05,0.9426229508196722,0.00620084110437869,Node
EB_cm_42,Ellipsoid Body,Unscaled CM,42,random,0.1,0.8824355971896954,0.00620084110437869,Node
EB_cm_42,Ellipsoid Body,Unscaled CM,42,random,0.15000000000000002,0.8229508196721312,0.00620084110437869,Node
EB_cm_42,Ellipsoid Body,Unscaled CM,42,random,0.2,0.7653395784543325,0.00620084110437869,Node
EB_cm_42,Ellipsoid Body,Unscaled CM,42,random,0.25,0.7051522248243559,0.00620084110437869,Node
EB_cm_42,Ellipsoid Body,Unscaled CM,42,random,0.30000000000000004,0.651288056206089,0.00620084110437869,Node
EB_cm_42,Ellipsoid Body,Unscaled CM,42,random,0.35000000000000003,0.5967213114754099,0.00620084110437869,Node
EB_cm_42,Ellipsoid Body,Unscaled CM,42,random,0.4,0.5426229508196722,0.00620084110437869,Node
EB_cm_42,Ellipsoid Body,Unscaled CM,42,random,0.45,0.48805620608899297,0.00620084110437869,Node
EB_cm_42,Ellipsoid Body,Unscaled CM,42,random,0.5,0.4304449648711944,0.00620084110437869,Node
EB_cm_42,Ellipsoid Body,Unscaled CM,42,random,0.55,0.3800936768149883,0.00620084110437869,Node
EB_cm_42,Ellipsoid Body,Unscaled CM,42,random,0.6000000000000001,0.3283372365339578,0.00620084110437869,Node
EB_cm_42,Ellipsoid Body,Unscaled CM,42,random,0.65,0.28290398126463695,0.00620084110437869,Node
EB_cm_42,Ellipsoid Body,Unscaled CM,42,random,0.7000000000000001,0.23653395784543324,0.00620084110437869,Node
EB_cm_42,Ellipsoid Body,Unscaled CM,42,random,0.75,0.1920374707259953,0.00620084110437869,Node
EB_cm_42,Ellipsoid Body,Unscaled CM,42,random,0.8,0.14613583138173303,0.00620084110437869,Node
EB_cm_42,Ellipsoid Body,Unscaled CM,42,random,0.8500000000000001,0.10468384074941453,0.00620084110437869,Node
EB_cm_42,Ellipsoid Body,Unscaled CM,42,random,0.9,0.0667447306791569,0.00620084110437869,Node
EB_cm_42,Ellipsoid Body,Unscaled CM,42,random,0.9500000000000001,0.028805620608899296,0.00620084110437869,Node
EB_cm_42,Ellipsoid Body,Unscaled CM,42,random,1.0,0.0,0.00620084110437869,Node
EB_cm_42,Ellipsoid Body,Unscaled CM,42,high_degree,0.0,1.0,0.00620084110437869,Node
EB_cm_42,Ellipsoid Body,Unscaled CM,42,high_degree,0.05,0.905152224824356,0.00620084110437869,Node
EB_cm_42,Ellipsoid Body,Unscaled CM,42,high_degree,0.1,0.8138173302107728,0.00620084110437869,Node
EB_cm_42,Ellipsoid Body,Unscaled CM,42,high_degree,0.15000000000000002,0.7306791569086651,0.00620084110437869,Node
EB_cm_42,Ellipsoid Body,Unscaled CM,42,high_degree,0.2,0.6475409836065574,0.00620084110437869,Node
EB_cm_42,Ellipsoid Body,Unscaled CM,42,high_degree,0.25,0.5679156908665105,0.00620084110437869,Node
EB_cm_42,Ellipsoid Body,Unscaled CM,42,high_degree,0.30000000000000004,0.4718969555035129,0.00620084110437869,Node
EB_cm_42,Ellipsoid Body,Unscaled CM,42,high_degree,0.35000000000000003,0.39344262295081966,0.00620084110437869,Node
EB_cm_42,Ellipsoid Body,Unscaled CM,42,high_degree,0.4,0.2962529274004684,0.00620084110437869,Node
EB_cm_42,Ellipsoid Body,Unscaled CM,42,high_degree,0.45,0.18149882903981265,0.00620084110437869,Node
EB_cm_42,Ellipsoid Body,Unscaled CM,42,high_degree,0.5,0.01053864168618267,0.00620084110437869,Node
EB_cm_42,Ellipsoid Body,Unscaled CM,42,high_degree,0.55,0.00351288056206089,0.00620084110437869,Node
EB_cm_42,Ellipsoid Body,Unscaled CM,42,high_degree,0.6000000000000001,0.00351288056206089,0.00620084110437869,Node
EB_cm_42,Ellipsoid Body,Unscaled CM,42,high_degree,0.65,0.00234192037470726,0.00620084110437869,Node
EB_cm_42,Ellipsoid Body,Unscaled CM,42,high_degree,0.7000000000000001,0.00234192037470726,0.00620084110437869,Node
EB_cm_42,Ellipsoid Body,Unscaled CM,42,high_degree,0.75,0.00117096018735363,0.00620084110437869,Node
EB_cm_42,Ellipsoid Body,Unscaled CM,42,high_degree,0.8,0.00117096018735363,0.00620084110437869,Node
EB_cm_42,Ellipsoid Body,Unscaled CM,42,high_degree,0.8500000000000001,0.00117096018735363,0.00620084110437869,Node
EB_cm_42,Ellipsoid Body,Unscaled CM,42,high_degree,0.9,0.00117096018735363,0.00620084110437869,Node
EB_cm_42,Ellipsoid Body,Unscaled CM,42,high_degree,0.9500000000000001,0.00117096018735363,0.00620084110437869,Node
EB_cm_42,Ellipsoid Body,Unscaled CM,42,high_degree,1.0,0.0,0.00620084110437869,Node
EB_cm_42,Ellipsoid Body,Unscaled CM,42,low_degree,0.0,1.0,0.00620084110437869,Node
EB_cm_42,Ellipsoid Body,Unscaled CM,42,low_degree,0.05,0.9508196721311475,0.00620084110437869,Node
EB_cm_42,Ellipsoid Body,Unscaled CM,42,low_degree,0.1,0.9004683840749415,0.00620084110437869,Node
EB_cm_42,Ellipsoid Body,Unscaled CM,42,low_degree,0.15000000000000002,0.8501170960187353,0.00620084110437869,Node
EB_cm_42,Ellipsoid Body,Unscaled CM,42,low_degree,0.2,0.8009367681498829,0.00620084110437869,Node
EB_cm_42,Ellipsoid Body,Unscaled CM,42,low_degree,0.25,0.7505854800936768,0.00620084110437869,Node
EB_cm_42,Ellipsoid Body,Unscaled CM,42,low_degree,0.30000000000000004,0.7002341920374707,0.00620084110437869,Node
EB_cm_42,Ellipsoid Body,Unscaled CM,42,low_degree,0.35000000000000003,0.6510538641686182,0.00620084110437869,Node
EB_cm_42,Ellipsoid Body,Unscaled CM,42,low_degree,0.4,0.6007025761124122,0.00620084110437869,Node
EB_cm_42,Ellipsoid Body,Unscaled CM,42,low_degree,0.45,0.550351288056206,0.00620084110437869,Node
EB_cm_42,Ellipsoid Body,Unscaled CM,42,low_degree,0.5,0.5,0.00620084110437869,Node
EB_cm_42,Ellipsoid Body,Unscaled CM,42,low_degree,0.55,0.45081967213114754,0.00620084110437869,Node
EB_cm_42,Ellipsoid Body,Unscaled CM,42,low_degree,0.6000000000000001,0.40046838407494145,0.00620084110437869,Node
EB_cm_42,Ellipsoid Body,Unscaled CM,42,low_degree,0.65,0.35011709601873536,0.00620084110437869,Node
EB_cm_42,Ellipsoid Body,Unscaled CM,42,low_degree,0.7000000000000001,0.3009367681498829,0.00620084110437869,Node
EB_cm_42,Ellipsoid Body,Unscaled CM,42,low_degree,0.75,0.2505854800936768,0.00620084110437869,Node
EB_cm_42,Ellipsoid Body,Unscaled CM,42,low_degree,0.8,0.20023419203747073,0.00620084110437869,Node
EB_cm_42,Ellipsoid Body,Unscaled CM,42,low_degree,0.8500000000000001,0.15105386416861827,0.00620084110437869,Node
EB_cm_42,Ellipsoid Body,Unscaled CM,42,low_degree,0.9,0.10070257611241218,0.00620084110437869,Node
EB_cm_42,Ellipsoid Body,Unscaled CM,42,low_degree,0.9500000000000001,0.05035128805620609,0.00620084110437869,Node
EB_cm_42,Ellipsoid Body,Unscaled CM,42,low_degree,1.0,0.0,0.00620084110437869,Node
EB_cm_123,Ellipsoid Body,Unscaled CM,123,random,0.0,1.0,0.006203835105019756,Node
EB_cm_123,Ellipsoid Body,Unscaled CM,123,random,0.05,0.9423887587822014,0.006203835105019756,Node
EB_cm_123,Ellipsoid Body,Unscaled CM,123,random,0.1,0.8831381733021078,0.006203835105019756,Node
EB_cm_123,Ellipsoid Body,Unscaled CM,123,random,0.15000000000000002,0.8264637002341921,0.006203835105019756,Node
EB_cm_123,Ellipsoid Body,Unscaled CM,123,random,0.2,0.7690866510538641,0.006203835105019756,Node
EB_cm_123,Ellipsoid Body,Unscaled CM,123,random,0.25,0.7110070257611241,0.006203835105019756,Node
EB_cm_123,Ellipsoid Body,Unscaled CM,123,random,0.30000000000000004,0.652927400468384,0.006203835105019756,Node
EB_cm_123,Ellipsoid Body,Unscaled CM,123,random,0.35000000000000003,0.5957845433255269,0.006203835105019756,Node
EB_cm_123,Ellipsoid Body,Unscaled CM,123,random,0.4,0.5440281030444966,0.006203835105019756,Node
EB_cm_123,Ellipsoid Body,Unscaled CM,123,random,0.45,0.4925058548009368,0.006203835105019756,Node
EB_cm_123,Ellipsoid Body,Unscaled CM,123,random,0.5,0.434192037470726,0.006203835105019756,Node
EB_cm_123,Ellipsoid Body,Unscaled CM,123,random,0.55,0.38384074941451984,0.006203835105019756,Node
EB_cm_123,Ellipsoid Body,Unscaled CM,123,random,0.6000000000000001,0.33442622950819667,0.006203835105019756,Node
EB_cm_123,Ellipsoid Body,Unscaled CM,123,random,0.65,0.2864168618266979,0.006203835105019756,Node
EB_cm_123,Ellipsoid Body,Unscaled CM,123,random,0.7000000000000001,0.23957845433255268,0.006203835105019756,Node
EB_cm_123,Ellipsoid Body,Unscaled CM,123,random,0.75,0.19484777517564403,0.006203835105019756,Node
EB_cm_123,Ellipsoid Body,Unscaled CM,123,random,0.8,0.15011709601873538,0.006203835105019756,Node
EB_cm_123,Ellipsoid Body,Unscaled CM,123,random,0.8500000000000001,0.10398126463700234,0.006203835105019756,Node
EB_cm_123,Ellipsoid Body,Unscaled CM,123,random,0.9,0.06533957845433255,0.006203835105019756,Node
EB_cm_123,Ellipsoid Body,Unscaled CM,123,random,0.9500000000000001,0.029742388758782202,0.006203835105019756,Node
EB_cm_123,Ellipsoid Body,Unscaled CM,123,random,1.0,0.0,0.006203835105019756,Node
EB_cm_123,Ellipsoid Body,Unscaled CM,123,high_degree,0.0,1.0,0.006203835105019756,Node
EB_cm_123,Ellipsoid Body,Unscaled CM,123,high_degree,0.05,0.9098360655737705,0.006203835105019756,Node
EB_cm_123,Ellipsoid Body,Unscaled CM,123,high_degree,0.1,0.8173302107728337,0.006203835105019756,Node
EB_cm_123,Ellipsoid Body,Unscaled CM,123,high_degree,0.15000000000000002,0.7259953161592506,0.006203835105019756,Node
EB_cm_123,Ellipsoid Body,Unscaled CM,123,high_degree,0.2,0.6440281030444965,0.006203835105019756,Node
EB_cm_123,Ellipsoid Body,Unscaled CM,123,high_degree,0.25,0.5538641686182669,0.006203835105019756,Node
EB_cm_123,Ellipsoid Body,Unscaled CM,123,high_degree,0.30000000000000004,0.4707259953161593,0.006203835105019756,Node
EB_cm_123,Ellipsoid Body,Unscaled CM,123,high_degree,0.35000000000000003,0.3864168618266979,0.006203835105019756,Node
EB_cm_123,Ellipsoid Body,Unscaled CM,123,high_degree,0.4,0.30210772833723654,0.006203835105019756,Node
EB_cm_123,Ellipsoid Body,Unscaled CM,123,high_degree,0.45,0.18032786885245902,0.006203835105019756,Node
EB_cm_123,Ellipsoid Body,Unscaled CM,123,high_degree,0.5,0.00702576112412178,0.006203835105019756,Node
EB_cm_123,Ellipsoid Body,Unscaled CM,123,high_degree,0.55,0.00468384074941452,0.006203835105019756,Node
EB_cm_123,Ellipsoid Body,Unscaled CM,123,high_degree,0.6000000000000001,0.00351288056206089,0.006203835105019756,Node
EB_cm_123,Ellipsoid Body,Unscaled CM,123,high_degree,0.65,0.00117096018735363,0.006203835105019756,Node
EB_cm_123,Ellipsoid Body,Unscaled CM,123,high_degree,0.7000000000000001,0.00117096018735363,0.006203835105019756,Node
EB_cm_123,Ellipsoid Body,Unscaled CM,123,high_degree,0.75,0.00117096018735363,0.006203835105019756,Node
EB_cm_123,Ellipsoid Body,Unscaled CM,123,high_degree,0.8,0.00117096018735363,0.006203835105019756,Node
EB_cm_123,Ellipsoid Body,Unscaled CM,123,high_degree,0.8500000000000001,0.00117096018735363,0.006203835105019756,Node
EB_cm_123,Ellipsoid Body,Unscaled CM,123,high_degree,0.9,0.00117096018735363,0.006203835105019756,Node
EB_cm_123,Ellipsoid Body,Unscaled CM,123,high_degree,0.9500000000000001,0.00117096018735363,0.006203835105019756,Node
EB_cm_123,Ellipsoid Body,Unscaled CM,123,high_degree,1.0,0.0,0.006203835105019756,Node
EB_cm_123,Ellipsoid Body,Unscaled CM,123,low_degree,0.0,1.0,0.006203835105019756,Node
EB_cm_123,Ellipsoid Body,Unscaled CM,123,low_degree,0.05,0.9508196721311475,0.006203835105019756,Node
EB_cm_123,Ellipsoid Body,Unscaled CM,123,low_degree,0.1,0.9004683840749415,0.006203835105019756,Node
EB_cm_123,Ellipsoid Body,Unscaled CM,123,low_degree,0.15000000000000002,0.8501170960187353,0.006203835105019756,Node
EB_cm_123,Ellipsoid Body,Unscaled CM,123,low_degree,0.2,0.8009367681498829,0.006203835105019756,Node
EB_cm_123,Ellipsoid Body,Unscaled CM,123,low_degree,0.25,0.7505854800936768,0.006203835105019756,Node
EB_cm_123,Ellipsoid Body,Unscaled CM,123,low_degree,0.30000000000000004,0.7002341920374707,0.006203835105019756,Node
EB_cm_123,Ellipsoid Body,Unscaled CM,123,low_degree,0.35000000000000003,0.6510538641686182,0.006203835105019756,Node
EB_cm_123,Ellipsoid Body,Unscaled CM,123,low_degree,0.4,0.6007025761124122,0.006203835105019756,Node
EB_cm_123,Ellipsoid Body,Unscaled CM,123,low_degree,0.45,0.550351288056206,0.006203835105019756,Node
EB_cm_123,Ellipsoid Body,Unscaled CM,123,low_degree,0.5,0.5,0.006203835105019756,Node
EB_cm_123,Ellipsoid Body,Unscaled CM,123,low_degree,0.55,0.45081967213114754,0.006203835105019756,Node
EB_cm_123,Ellipsoid Body,Unscaled CM,123,low_degree,0.6000000000000001,0.40046838407494145,0.006203835105019756,Node
EB_cm_123,Ellipsoid Body,Unscaled CM,123,low_degree,0.65,0.35011709601873536,0.006203835105019756,Node
EB_cm_123,Ellipsoid Body,Unscaled CM,123,low_degree,0.7000000000000001,0.3009367681498829,0.006203835105019756,Node
EB_cm_123,Ellipsoid Body,Unscaled CM,123,low_degree,0.75,0.2505854800936768,0.006203835105019756,Node
EB_cm_123,Ellipsoid Body,Unscaled CM,123,low_degree,0.8,0.20023419203747073,0.006203835105019756,Node
EB_cm_123,Ellipsoid Body,Unscaled CM,123,low_degree,0.8500000000000001,0.15105386416861827,0.006203835105019756,Node
EB_cm_123,Ellipsoid Body,Unscaled CM,123,low_degree,0.9,0.10070257611241218,0.006203835105019756,Node
EB_cm_123,Ellipsoid Body,Unscaled CM,123,low_degree,0.9500000000000001,0.05035128805620609,0.006203835105019756,Node
EB_cm_123,Ellipsoid Body,Unscaled CM,123,low_degree,1.0,0.0,0.006203835105019756,Node
MB_scaled_cm_42,Mushroom Body,Scaled CM,42,random,0.0,1.0,0.011780103722376678,Node
MB_scaled_cm_42,Mushroom Body,Scaled CM,42,random,0.05,0.95,0.011780103722376678,Node
MB_scaled_cm_42,Mushroom Body,Scaled CM,42,random,0.1,0.9,0.011780103722376678,Node
MB_scaled_cm_42,Mushroom Body,Scaled CM,42,random,0.15000000000000002,0.85,0.011780103722376678,Node
MB_scaled_cm_42,Mushroom Body,Scaled CM,42,random,0.2,0.8,0.011780103722376678,Node
MB_scaled_cm_42,Mushroom Body,Scaled CM,42,random,0.25,0.75,0.011780103722376678,Node
MB_scaled_cm_42,Mushroom Body,Scaled CM,42,random,0.30000000000000004,0.7,0.011780103722376678,Node
MB_scaled_cm_42,Mushroom Body,Scaled CM,42,random,0.35000000000000003,0.65,0.011780103722376678,Node
MB_scaled_cm_42,Mushroom Body,Scaled CM,42,random,0.4,0.6,0.011780103722376678,Node
MB_scaled_cm_42,Mushroom Body,Scaled CM,42,random,0.45,0.5498666666666667,0.011780103722376678,Node
MB_scaled_cm_42,Mushroom Body,Scaled CM,42,random,0.5,0.49960000000000004,0.011780103722376678,Node
MB_scaled_cm_42,Mushroom Body,Scaled CM,42,random,0.55,0.44959999999999994,0.011780103722376678,Node
MB_scaled_cm_42,Mushroom Body,Scaled CM,42,random,0.6000000000000001,0.3992,0.011780103722376678,Node
MB_scaled_cm_42,Mushroom Body,Scaled CM,42,random,0.65,0.3489333333333333,0.011780103722376678,Node
MB_scaled_cm_42,Mushroom Body,Scaled CM,42,random,0.7000000000000001,0.29800000000000004,0.011780103722376678,Node
MB_scaled_cm_42,Mushroom Body,Scaled CM,42,random,0.75,0.24586666666666668,0.011780103722376678,Node
MB_scaled_cm_42,Mushroom Body,Scaled CM,42,random,0.8,0.1944,0.011780103722376678,Node
MB_scaled_cm_42,Mushroom Body,Scaled CM,42,random,0.8500000000000001,0.14333333333333334,0.011780103722376678,Node
MB_scaled_cm_42,Mushroom Body,Scaled CM,42,random,0.9,0.0896,0.011780103722376678,Node
MB_scaled_cm_42,Mushroom Body,Scaled CM,42,random,0.9500000000000001,0.030933333333333334,0.011780103722376678,Node
MB_scaled_cm_42,Mushroom Body,Scaled CM,42,random,1.0,0.0,0.011780103722376678,Node
MB_scaled_cm_42,Mushroom Body,Scaled CM,42,high_degree,0.0,1.0,0.011780103722376678,Node
MB_scaled_cm_42,Mushroom Body,Scaled CM,42,high_degree,0.05,0.95,0.011780103722376678,Node
MB_scaled_cm_42,Mushroom Body,Scaled CM,42,high_degree,0.1,0.9,0.011780103722376678,Node
MB_scaled_cm_42,Mushroom Body,Scaled CM,42,high_degree,0.15000000000000002,0.8493333333333334,0.011780103722376678,Node
MB_scaled_cm_42,Mushroom Body,Scaled CM,42,high_degree,0.2,0.7993333333333333,0.011780103722376678,Node
MB_scaled_cm_42,Mushroom Body,Scaled CM,42,high_degree,0.25,0.748,0.011780103722376678,Node
MB_scaled_cm_42,Mushroom Body,Scaled CM,42,high_degree,0.30000000000000004,0.6966666666666667,0.011780103722376678,Node
MB_scaled_cm_42,Mushroom Body,Scaled CM,42,high_degree,0.35000000000000003,0.644,0.011780103722376678,Node
MB_scaled_cm_42,Mushroom Body,Scaled CM,42,high_degree,0.4,0.5906666666666667,0.011780103722376678,Node
MB_scaled_cm_42,Mushroom Body,Scaled CM,42,high_degree,0.45,0.5366666666666666,0.011780103722376678,Node
MB_scaled_cm_42,Mushroom Body,Scaled CM,42,high_degree,0.5,0.4746666666666667,0.011780103722376678,Node
MB_scaled_cm_42,Mushroom Body,Scaled CM,42,high_degree,0.55,0.402,0.011780103722376678,Node
MB_scaled_cm_42,Mushroom Body,Scaled CM,42,high_degree,0.6000000000000001,0.32066666666666666,0.011780103722376678,Node
MB_scaled_cm_42,Mushroom Body,Scaled CM,42,high_degree,0.65,0.21266666666666667,0.011780103722376678,Node
MB_scaled_cm_42,Mushroom Body,Scaled CM,42,high_degree,0.7000000000000001,0.07133333333333333,0.011780103722376678,Node
MB_scaled_cm_42,Mushroom Body,Scaled CM,42,high_degree,0.75,0.014666666666666666,0.011780103722376678,Node
MB_scaled_cm_42,Mushroom Body,Scaled CM,42,high_degree,0.8,0.006666666666666667,0.011780103722376678,Node
MB_scaled_cm_42,Mushroom Body,Scaled CM,42,high_degree,0.8500000000000001,0.0026666666666666666,0.011780103722376678,Node
MB_scaled_cm_42,Mushroom Body,Scaled CM,42,high_degree,0.9,0.002,0.011780103722376678,Node
MB_scaled_cm_42,Mushroom Body,Scaled CM,42,high_degree,0.9500000000000001,0.002,0.011780103722376678,Node
MB_scaled_cm_42,Mushroom Body,Scaled CM,42,high_degree,1.0,0.0,0.011780103722376678,Node
MB_scaled_cm_42,Mushroom Body,Scaled CM,42,low_degree,0.0,1.0,0.011780103722376678,Node
MB_scaled_cm_42,Mushroom Body,Scaled CM,42,low_degree,0.05,0.95,0.011780103722376678,Node
MB_scaled_cm_42,Mushroom Body,Scaled CM,42,low_degree,0.1,0.9,0.011780103722376678,Node
MB_scaled_cm_42,Mushroom Body,Scaled CM,42,low_degree,0.15000000000000002,0.85,0.011780103722376678,Node
MB_scaled_cm_42,Mushroom Body,Scaled CM,42,low_degree,0.2,0.8,0.011780103722376678,Node
MB_scaled_cm_42,Mushroom Body,Scaled CM,42,low_degree,0.25,0.75,0.011780103722376678,Node
MB_scaled_cm_42,Mushroom Body,Scaled CM,42,low_degree,0.30000000000000004,0.7,0.011780103722376678,Node
MB_scaled_cm_42,Mushroom Body,Scaled CM,42,low_degree,0.35000000000000003,0.65,0.011780103722376678,Node
MB_scaled_cm_42,Mushroom Body,Scaled CM,42,low_degree,0.4,0.6,0.011780103722376678,Node
MB_scaled_cm_42,Mushroom Body,Scaled CM,42,low_degree,0.45,0.55,0.011780103722376678,Node
MB_scaled_cm_42,Mushroom Body,Scaled CM,42,low_degree,0.5,0.5,0.011780103722376678,Node
MB_scaled_cm_42,Mushroom Body,Scaled CM,42,low_degree,0.55,0.45,0.011780103722376678,Node
MB_scaled_cm_42,Mushroom Body,Scaled CM,42,low_degree,0.6000000000000001,0.4,0.011780103722376678,Node
MB_scaled_cm_42,Mushroom Body,Scaled CM,42,low_degree,0.65,0.35,0.011780103722376678,Node
MB_scaled_cm_42,Mushroom Body,Scaled CM,42,low_degree,0.7000000000000001,0.3,0.011780103722376678,Node
MB_scaled_cm_42,Mushroom Body,Scaled CM,42,low_degree,0.75,0.25,0.011780103722376678,Node
MB_scaled_cm_42,Mushroom Body,Scaled CM,42,low_degree,0.8,0.2,0.011780103722376678,Node
MB_scaled_cm_42,Mushroom Body,Scaled CM,42,low_degree,0.8500000000000001,0.15,0.011780103722376678,Node
MB_scaled_cm_42,Mushroom Body,Scaled CM,42,low_degree,0.9,0.1,0.011780103722376678,Node
MB_scaled_cm_42,Mushroom Body,Scaled CM,42,low_degree,0.9500000000000001,0.05,0.011780103722376678,Node
MB_scaled_cm_42,Mushroom Body,Scaled CM,42,low_degree,1.0,0.0,0.011780103722376678,Node
MB_scaled_cm_123,Mushroom Body,Scaled CM,123,random,0.0,1.0,0.012741738639640093,Node
MB_scaled_cm_123,Mushroom Body,Scaled CM,123,random,0.05,0.95,0.012741738639640093,Node
MB_scaled_cm_123,Mushroom Body,Scaled CM,123,random,0.1,0.9,0.012741738639640093,Node
MB_scaled_cm_123,Mushroom Body,Scaled CM,123,random,0.15000000000000002,0.85,0.012741738639640093,Node
MB_scaled_cm_123,Mushroom Body,Scaled CM,123,random,0.2,0.8,0.012741738639640093,Node
MB_scaled_cm_123,Mushroom Body,Scaled CM,123,random,0.25,0.75,0.012741738639640093,Node
MB_scaled_cm_123,Mushroom Body,Scaled CM,123,random,0.30000000000000004,0.7,0.012741738639640093,Node
MB_scaled_cm_123,Mushroom Body,Scaled CM,123,random,0.35000000000000003,0.65,0.012741738639640093,Node
MB_scaled_cm_123,Mushroom Body,Scaled CM,123,random,0.4,0.6,0.012741738639640093,Node
MB_scaled_cm_123,Mushroom Body,Scaled CM,123,random,0.45,0.55,0.012741738639640093,Node
MB_scaled_cm_123,Mushroom Body,Scaled CM,123,random,0.5,0.4998666666666667,0.012741738639640093,Node
MB_scaled_cm_123,Mushroom Body,Scaled CM,123,random,0.55,0.4498666666666667,0.012741738639640093,Node
MB_scaled_cm_123,Mushroom Body,Scaled CM,123,random,0.6000000000000001,0.3996,0.012741738639640093,Node
MB_scaled_cm_123,Mushroom Body,Scaled CM,123,random,0.65,0.3488,0.012741738639640093,Node
MB_scaled_cm_123,Mushroom Body,Scaled CM,123,random,0.7000000000000001,0.2977333333333333,0.012741738639640093,Node
MB_scaled_cm_123,Mushroom Body,Scaled CM,123,random,0.75,0.2449333333333333,0.012741738639640093,Node
MB_scaled_cm_123,Mushroom Body,Scaled CM,123,random,0.8,0.19319999999999998,0.012741738639640093,Node
MB_scaled_cm_123,Mushroom Body,Scaled CM,123,random,0.8500000000000001,0.14253333333333335,0.012741738639640093,Node
MB_scaled_cm_123,Mushroom Body,Scaled CM,123,random,0.9,0.09,0.012741738639640093,Node
MB_scaled_cm_123,Mushroom Body,Scaled CM,123,random,0.9500000000000001,0.03586666666666667,0.012741738639640093,Node
MB_scaled_cm_123,Mushroom Body,Scaled CM,123,random,1.0,0.0,0.012741738639640093,Node
MB_scaled_cm_123,Mushroom Body,Scaled CM,123,high_degree,0.0,1.0,0.012741738639640093,Node
MB_scaled_cm_123,Mushroom Body,Scaled CM,123,high_degree,0.05,0.95,0.012741738639640093,Node
MB_scaled_cm_123,Mushroom Body,Scaled CM,123,high_degree,0.1,0.9,0.012741738639640093,Node
MB_scaled_cm_123,Mushroom Body,Scaled CM,123,high_degree,0.15000000000000002,0.85,0.012741738639640093,Node
MB_scaled_cm_123,Mushroom Body,Scaled CM,123,high_degree,0.2,0.8,0.012741738639640093,Node
MB_scaled_cm_123,Mushroom Body,Scaled CM,123,high_degree,0.25,0.75,0.012741738639640093,Node
MB_scaled_cm_123,Mushroom Body,Scaled CM,123,high_degree,0.30000000000000004,0.698,0.012741738639640093,Node
MB_scaled_cm_123,Mushroom Body,Scaled CM,123,high_degree,0.35000000000000003,0.6466666666666666,0.012741738639640093,Node
MB_scaled_cm_123,Mushroom Body,Scaled CM,123,high_degree,0.4,0.5933333333333334,0.012741738639640093,Node
MB_scaled_cm_123,Mushroom Body,Scaled CM,123,high_degree,0.45,0.5353333333333333,0.012741738639640093,Node
MB_scaled_cm_123,Mushroom Body,Scaled CM,123,high_degree,0.5,0.47,0.012741738639640093,Node
MB_scaled_cm_123,Mushroom Body,Scaled CM,123,high_degree,0.55,0.4046666666666667,0.012741738639640093,Node
MB_scaled_cm_123,Mushroom Body,Scaled CM,123,high_degree,0.6000000000000001,0.326,0.012741738639640093,Node
MB_scaled_cm_123,Mushroom Body,Scaled CM,123,high_degree,0.65,0.22933333333333333,0.012741738639640093,Node
MB_scaled_cm_123,Mushroom Body,Scaled CM,123,high_degree,0.7000000000000001,0.04733333333333333,0.012741738639640093,Node
MB_scaled_cm_123,Mushroom Body,Scaled CM,123,high_degree,0.75,0.011333333333333334,0.012741738639640093,Node
MB_scaled_cm_123,Mushroom Body,Scaled CM,123,high_degree,0.8,0.004,0.012741738639640093,Node
MB_scaled_cm_123,Mushroom Body,Scaled CM,123,high_degree,0.8500000000000001,0.004,0.012741738639640093,Node
MB_scaled_cm_123,Mushroom Body,Scaled CM,123,high_degree,0.9,0.002,0.012741738639640093,Node
MB_scaled_cm_123,Mushroom Body,Scaled CM,123,high_degree,0.9500000000000001,0.0013333333333333333,0.012741738639640093,Node
MB_scaled_cm_123,Mushroom Body,Scaled CM,123,high_degree,1.0,0.0,0.012741738639640093,Node
MB_scaled_cm_123,Mushroom Body,Scaled CM,123,low_degree,0.0,1.0,0.012741738639640093,Node
MB_scaled_cm_123,Mushroom Body,Scaled CM,123,low_degree,0.05,0.95,0.012741738639640093,Node
MB_scaled_cm_123,Mushroom Body,Scaled CM,123,low_degree,0.1,0.9,0.012741738639640093,Node
MB_scaled_cm_123,Mushroom Body,Scaled CM,123,low_degree,0.15000000000000002,0.85,0.012741738639640093,Node
MB_scaled_cm_123,Mushroom Body,Scaled CM,123,low_degree,0.2,0.8,0.012741738639640093,Node
MB_scaled_cm_123,Mushroom Body,Scaled CM,123,low_degree,0.25,0.75,0.012741738639640093,Node
MB_scaled_cm_123,Mushroom Body,Scaled CM,123,low_degree,0.30000000000000004,0.7,0.012741738639640093,Node
MB_scaled_cm_123,Mushroom Body,Scaled CM,123,low_degree,0.35000000000000003,0.65,0.012741738639640093,Node
MB_scaled_cm_123,Mushroom Body,Scaled CM,123,low_degree,0.4,0.6,0.012741738639640093,Node
MB_scaled_cm_123,Mushroom Body,Scaled CM,123,low_degree,0.45,0.55,0.012741738639640093,Node
MB_scaled_cm_123,Mushroom Body,Scaled CM,123,low_degree,0.5,0.5,0.012741738639640093,Node
MB_scaled_cm_123,Mushroom Body,Scaled CM,123,low_degree,0.55,0.45,0.012741738639640093,Node
MB_scaled_cm_123,Mushroom Body,Scaled CM,123,low_degree,0.6000000000000001,0.4,0.012741738639640093,Node
MB_scaled_cm_123,Mushroom Body,Scaled CM,123,low_degree,0.65,0.35,0.012741738639640093,Node
MB_scaled_cm_123,Mushroom Body,Scaled CM,123,low_degree,0.7000000000000001,0.3,0.012741738639640093,Node
MB_scaled_cm_123,Mushroom Body,Scaled CM,123,low_degree,0.75,0.25,0.012741738639640093,Node
MB_scaled_cm_123,Mushroom Body,Scaled CM,123,low_degree,0.8,0.2,0.012741738639640093,Node
MB_scaled_cm_123,Mushroom Body,Scaled CM,123,low_degree,0.8500000000000001,0.15,0.012741738639640093,Node
MB_scaled_cm_123,Mushroom Body,Scaled CM,123,low_degree,0.9,0.1,0.012741738639640093,Node
MB_scaled_cm_123,Mushroom Body,Scaled CM,123,low_degree,0.9500000000000001,0.05,0.012741738639640093,Node
MB_scaled_cm_123,Mushroom Body,Scaled CM,123,low_degree,1.0,0.0,0.012741738639640093,Node
FB_scaled_cm_42,Fan-shaped Body,Scaled CM,42,random,0.0,1.0,0.006201509288129904,Node
FB_scaled_cm_42,Fan-shaped Body,Scaled CM,42,random,0.05,0.9400000000000001,0.006201509288129904,Node
FB_scaled_cm_42,Fan-shaped Body,Scaled CM,42,random,0.1,0.8794666666666666,0.006201509288129904,Node
FB_scaled_cm_42,Fan-shaped Body,Scaled CM,42,random,0.15000000000000002,0.8194666666666667,0.006201509288129904,Node
FB_scaled_cm_42,Fan-shaped Body,Scaled CM,42,random,0.2,0.7586666666666667,0.006201509288129904,Node
FB_scaled_cm_42,Fan-shaped Body,Scaled CM,42,random,0.25,0.7010666666666666,0.006201509288129904,Node
FB_scaled_cm_42,Fan-shaped Body,Scaled CM,42,random,0.30000000000000004,0.6416000000000001,0.006201509288129904,Node
FB_scaled_cm_42,Fan-shaped Body,Scaled CM,42,random,0.35000000000000003,0.5893333333333334,0.006201509288129904,Node
FB_scaled_cm_42,Fan-shaped Body,Scaled CM,42,random,0.4,0.5334666666666666,0.006201509288129904,Node
FB_scaled_cm_42,Fan-shaped Body,Scaled CM,42,random,0.45,0.47986666666666666,0.006201509288129904,Node
FB_scaled_cm_42,Fan-shaped Body,Scaled CM,42,random,0.5,0.42573333333333335,0.006201509288129904,Node
FB_scaled_cm_42,Fan-shaped Body,Scaled CM,42,random,0.55,0.37533333333333335,0.006201509288129904,Node
FB_scaled_cm_42,Fan-shaped Body,Scaled CM,42,random,0.6000000000000001,0.32480000000000003,0.006201509288129904,Node
FB_scaled_cm_42,Fan-shaped Body,Scaled CM,42,random,0.65,0.2756,0.006201509288129904,Node
FB_scaled_cm_42,Fan-shaped Body,Scaled CM,42,random,0.7000000000000001,0.23040000000000002,0.006201509288129904,Node
FB_scaled_cm_42,Fan-shaped Body,Scaled CM,42,random,0.75,0.18680000000000002,0.006201509288129904,Node
FB_scaled_cm_42,Fan-shaped Body,Scaled CM,42,random,0.8,0.1436,0.006201509288129904,Node
FB_scaled_cm_42,Fan-shaped Body,Scaled CM,42,random,0.8500000000000001,0.10400000000000001,0.006201509288129904,Node
FB_scaled_cm_42,Fan-shaped Body,Scaled CM,42,random,0.9,0.0624,0.006201509288129904,Node
FB_scaled_cm_42,Fan-shaped Body,Scaled CM,42,random,0.9500000000000001,0.029200000000000004,0.006201509288129904,Node
FB_scaled_cm_42,Fan-shaped Body,Scaled CM,42,random,1.0,0.0,0.006201509288129904,Node
FB_scaled_cm_42,Fan-shaped Body,Scaled CM,42,high_degree,0.0,1.0,0.006201509288129904,Node
FB_scaled_cm_42,Fan-shaped Body,Scaled CM,42,high_degree,0.05,0.8806666666666667,0.006201509288129904,Node
FB_scaled_cm_42,Fan-shaped Body,Scaled CM,42,high_degree,0.1,0.784,0.006201509288129904,Node
FB_scaled_cm_42,Fan-shaped Body,Scaled CM,42,high_degree,0.15000000000000002,0.7,0.006201509288129904,Node
FB_scaled_cm_42,Fan-shaped Body,Scaled CM,42,high_degree,0.2,0.604,0.006201509288129904,Node
FB_scaled_cm_42,Fan-shaped Body,Scaled CM,42,high_degree,0.25,0.5106666666666667,0.006201509288129904,Node
FB_scaled_cm_42,Fan-shaped Body,Scaled CM,42,high_degree,0.30000000000000004,0.424,0.006201509288129904,Node
FB_scaled_cm_42,Fan-shaped Body,Scaled CM,42,high_degree,0.35000000000000003,0.332,0.006201509288129904,Node
FB_scaled_cm_42,Fan-shaped Body,Scaled CM,42,high_degree,0.4,0.23866666666666667,0.006201509288129904,Node
FB_scaled_cm_42,Fan-shaped Body,Scaled CM,42,high_degree,0.45,0.09733333333333333,0.006201509288129904,Node
FB_scaled_cm_42,Fan-shaped Body,Scaled CM,42,high_degree,0.5,0.006,0.006201509288129904,Node
FB_scaled_cm_42,Fan-shaped Body,Scaled CM,42,high_degree,0.55,0.002,0.006201509288129904,Node
FB_scaled_cm_42,Fan-shaped Body,Scaled CM,42,high_degree,0.6000000000000001,0.0013333333333333333,0.006201509288129904,Node
FB_scaled_cm_42,Fan-shaped Body,Scaled CM,42,high_degree,0.65,0.0013333333333333333,0.006201509288129904,Node
FB_scaled_cm_42,Fan-shaped Body,Scaled CM,42,high_degree,0.7000000000000001,0.0006666666666666666,0.006201509288129904,Node
FB_scaled_cm_42,Fan-shaped Body,Scaled CM,42,high_degree,0.75,0.0006666666666666666,0.006201509288129904,Node
FB_scaled_cm_42,Fan-shaped Body,Scaled CM,42,high_degree,0.8,0.0006666666666666666,0.006201509288129904,Node
FB_scaled_cm_42,Fan-shaped Body,Scaled CM,42,high_degree,0.8500000000000001,0.0006666666666666666,0.006201509288129904,Node
FB_scaled_cm_42,Fan-shaped Body,Scaled CM,42,high_degree,0.9,0.0006666666666666666,0.006201509288129904,Node
FB_scaled_cm_42,Fan-shaped Body,Scaled CM,42,high_degree,0.9500000000000001,0.0006666666666666666,0.006201509288129904,Node
FB_scaled_cm_42,Fan-shaped Body,Scaled CM,42,high_degree,1.0,0.0,0.006201509288129904,Node
FB_scaled_cm_42,Fan-shaped Body,Scaled CM,42,low_degree,0.0,1.0,0.006201509288129904,Node
FB_scaled_cm_42,Fan-shaped Body,Scaled CM,42,low_degree,0.05,0.95,0.006201509288129904,Node
FB_scaled_cm_42,Fan-shaped Body,Scaled CM,42,low_degree,0.1,0.9,0.006201509288129904,Node
FB_scaled_cm_42,Fan-shaped Body,Scaled CM,42,low_degree,0.15000000000000002,0.85,0.006201509288129904,Node
FB_scaled_cm_42,Fan-shaped Body,Scaled CM,42,low_degree,0.2,0.8,0.006201509288129904,Node
FB_scaled_cm_42,Fan-shaped Body,Scaled CM,42,low_degree,0.25,0.75,0.006201509288129904,Node
FB_scaled_cm_42,Fan-shaped Body,Scaled CM,42,low_degree,0.30000000000000004,0.7,0.006201509288129904,Node
FB_scaled_cm_42,Fan-shaped Body,Scaled CM,42,low_degree,0.35000000000000003,0.65,0.006201509288129904,Node
FB_scaled_cm_42,Fan-shaped Body,Scaled CM,42,low_degree,0.4,0.6,0.006201509288129904,Node
FB_scaled_cm_42,Fan-shaped Body,Scaled CM,42,low_degree,0.45,0.55,0.006201509288129904,Node
FB_scaled_cm_42,Fan-shaped Body,Scaled CM,42,low_degree,0.5,0.5,0.006201509288129904,Node
FB_scaled_cm_42,Fan-shaped Body,Scaled CM,42,low_degree,0.55,0.45,0.006201509288129904,Node
FB_scaled_cm_42,Fan-shaped Body,Scaled CM,42,low_degree,0.6000000000000001,0.4,0.006201509288129904,Node
FB_scaled_cm_42,Fan-shaped Body,Scaled CM,42,low_degree,0.65,0.35,0.006201509288129904,Node
FB_scaled_cm_42,Fan-shaped Body,Scaled CM,42,low_degree,0.7000000000000001,0.3,0.006201509288129904,Node
FB_scaled_cm_42,Fan-shaped Body,Scaled CM,42,low_degree,0.75,0.25,0.006201509288129904,Node
FB_scaled_cm_42,Fan-shaped Body,Scaled CM,42,low_degree,0.8,0.2,0.006201509288129904,Node
FB_scaled_cm_42,Fan-shaped Body,Scaled CM,42,low_degree,0.8500000000000001,0.15,0.006201509288129904,Node
FB_scaled_cm_42,Fan-shaped Body,Scaled CM,42,low_degree,0.9,0.1,0.006201509288129904,Node
FB_scaled_cm_42,Fan-shaped Body,Scaled CM,42,low_degree,0.9500000000000001,0.05,0.006201509288129904,Node
FB_scaled_cm_42,Fan-shaped Body,Scaled CM,42,low_degree,1.0,0.0,0.006201509288129904,Node
FB_scaled_cm_123,Fan-shaped Body,Scaled CM,123,random,0.0,1.0,0.006264939420255641,Node
FB_scaled_cm_123,Fan-shaped Body,Scaled CM,123,random,0.05,0.9402666666666667,0.006264939420255641,Node
FB_scaled_cm_123,Fan-shaped Body,Scaled CM,123,random,0.1,0.8764,0.006264939420255641,Node
FB_scaled_cm_123,Fan-shaped Body,Scaled CM,123,random,0.15000000000000002,0.8192,0.006264939420255641,Node
FB_scaled_cm_123,Fan-shaped Body,Scaled CM,123,random,0.2,0.7604,0.006264939420255641,Node
FB_scaled_cm_123,Fan-shaped Body,Scaled CM,123,random,0.25,0.7054666666666667,0.006264939420255641,Node
FB_scaled_cm_123,Fan-shaped Body,Scaled CM,123,random,0.30000000000000004,0.6485333333333333,0.006264939420255641,Node
FB_scaled_cm_123,Fan-shaped Body,Scaled CM,123,random,0.35000000000000003,0.5925333333333334,0.006264939420255641,Node
FB_scaled_cm_123,Fan-shaped Body,Scaled CM,123,random,0.4,0.5372,0.006264939420255641,Node
FB_scaled_cm_123,Fan-shaped Body,Scaled CM,123,random,0.45,0.4818666666666667,0.006264939420255641,Node
FB_scaled_cm_123,Fan-shaped Body,Scaled CM,123,random,0.5,0.4244,0.006264939420255641,Node
FB_scaled_cm_123,Fan-shaped Body,Scaled CM,123,random,0.55,0.37466666666666665,0.006264939420255641,Node
FB_scaled_cm_123,Fan-shaped Body,Scaled CM,123,random,0.6000000000000001,0.32480000000000003,0.006264939420255641,Node
FB_scaled_cm_123,Fan-shaped Body,Scaled CM,123,random,0.65,0.2792,0.006264939420255641,Node
FB_scaled_cm_123,Fan-shaped Body,Scaled CM,123,random,0.7000000000000001,0.23159999999999997,0.006264939420255641,Node
FB_scaled_cm_123,Fan-shaped Body,Scaled CM,123,random,0.75,0.1852,0.006264939420255641,Node
FB_scaled_cm_123,Fan-shaped Body,Scaled CM,123,random,0.8,0.1424,0.006264939420255641,Node
FB_scaled_cm_123,Fan-shaped Body,Scaled CM,123,random,0.8500000000000001,0.10146666666666666,0.006264939420255641,Node
FB_scaled_cm_123,Fan-shaped Body,Scaled CM,123,random,0.9,0.0632,0.006264939420255641,Node
FB_scaled_cm_123,Fan-shaped Body,Scaled CM,123,random,0.9500000000000001,0.028133333333333333,0.006264939420255641,Node
FB_scaled_cm_123,Fan-shaped Body,Scaled CM,123,random,1.0,0.0,0.006264939420255641,Node
FB_scaled_cm_123,Fan-shaped Body,Scaled CM,123,high_degree,0.0,1.0,0.006264939420255641,Node
FB_scaled_cm_123,Fan-shaped Body,Scaled CM,123,high_degree,0.05,0.8773333333333333,0.006264939420255641,Node
FB_scaled_cm_123,Fan-shaped Body,Scaled CM,123,high_degree,0.1,0.7713333333333333,0.006264939420255641,Node
FB_scaled_cm_123,Fan-shaped Body,Scaled CM,123,high_degree,0.15000000000000002,0.676,0.006264939420255641,Node
FB_scaled_cm_123,Fan-shaped Body,Scaled CM,123,high_degree,0.2,0.58,0.006264939420255641,Node
FB_scaled_cm_123,Fan-shaped Body,Scaled CM,123,high_degree,0.25,0.49266666666666664,0.006264939420255641,Node
FB_scaled_cm_123,Fan-shaped Body,Scaled CM,123,high_degree,0.30000000000000004,0.396,0.006264939420255641,Node
FB_scaled_cm_123,Fan-shaped Body,Scaled CM,123,high_degree,0.35000000000000003,0.30466666666666664,0.006264939420255641,Node
FB_scaled_cm_123,Fan-shaped Body,Scaled CM,123,high_degree,0.4,0.20266666666666666,0.006264939420255641,Node
FB_scaled_cm_123,Fan-shaped Body,Scaled CM,123,high_degree,0.45,0.06866666666666667,0.006264939420255641,Node
FB_scaled_cm_123,Fan-shaped Body,Scaled CM,123,high_degree,0.5,0.007333333333333333,0.006264939420255641,Node
FB_scaled_cm_123,Fan-shaped Body,Scaled CM,123,high_degree,0.55,0.002,0.006264939420255641,Node
FB_scaled_cm_123,Fan-shaped Body,Scaled CM,123,high_degree,0.6000000000000001,0.0013333333333333333,0.006264939420255641,Node
FB_scaled_cm_123,Fan-shaped Body,Scaled CM,123,high_degree,0.65,0.0013333333333333333,0.006264939420255641,Node
FB_scaled_cm_123,Fan-shaped Body,Scaled CM,123,high_degree,0.7000000000000001,0.0006666666666666666,0.006264939420255641,Node
FB_scaled_cm_123,Fan-shaped Body,Scaled CM,123,high_degree,0.75,0.0006666666666666666,0.006264939420255641,Node
FB_scaled_cm_123,Fan-shaped Body,Scaled CM,123,high_degree,0.8,0.0006666666666666666,0.006264939420255641,Node
FB_scaled_cm_123,Fan-shaped Body,Scaled CM,123,high_degree,0.8500000000000001,0.0006666666666666666,0.006264939420255641,Node
FB_scaled_cm_123,Fan-shaped Body,Scaled CM,123,high_degree,0.9,0.0006666666666666666,0.006264939420255641,Node
FB_scaled_cm_123,Fan-shaped Body,Scaled CM,123,high_degree,0.9500000000000001,0.0006666666666666666,0.006264939420255641,Node
FB_scaled_cm_123,Fan-shaped Body,Scaled CM,123,high_degree,1.0,0.0,0.006264939420255641,Node
FB_scaled_cm_123,Fan-shaped Body,Scaled CM,123,low_degree,0.0,1.0,0.006264939420255641,Node
FB_scaled_cm_123,Fan-shaped Body,Scaled CM,123,low_degree,0.05,0.95,0.006264939420255641,Node
FB_scaled_cm_123,Fan-shaped Body,Scaled CM,123,low_degree,0.1,0.9,0.006264939420255641,Node
FB_scaled_cm_123,Fan-shaped Body,Scaled CM,123,low_degree,0.15000000000000002,0.85,0.006264939420255641,Node
FB_scaled_cm_123,Fan-shaped Body,Scaled CM,123,low_degree,0.2,0.8,0.006264939420255641,Node
FB_scaled_cm_123,Fan-shaped Body,Scaled CM,123,low_degree,0.25,0.75,0.006264939420255641,Node
FB_scaled_cm_123,Fan-shaped Body,Scaled CM,123,low_degree,0.30000000000000004,0.7,0.006264939420255641,Node
FB_scaled_cm_123,Fan-shaped Body,Scaled CM,123,low_degree,0.35000000000000003,0.65,0.006264939420255641,Node
FB_scaled_cm_123,Fan-shaped Body,Scaled CM,123,low_degree,0.4,0.6,0.006264939420255641,Node
FB_scaled_cm_123,Fan-shaped Body,Scaled CM,123,low_degree,0.45,0.55,0.006264939420255641,Node
FB_scaled_cm_123,Fan-shaped Body,Scaled CM,123,low_degree,0.5,0.5,0.006264939420255641,Node
FB_scaled_cm_123,Fan-shaped Body,Scaled CM,123,low_degree,0.55,0.45,0.006264939420255641,Node
FB_scaled_cm_123,Fan-shaped Body,Scaled CM,123,low_degree,0.6000000000000001,0.4,0.006264939420255641,Node
FB_scaled_cm_123,Fan-shaped Body,Scaled CM,123,low_degree,0.65,0.35,0.006264939420255641,Node
FB_scaled_cm_123,Fan-shaped Body,Scaled CM,123,low_degree,0.7000000000000001,0.3,0.006264939420255641,Node
FB_scaled_cm_123,Fan-shaped Body,Scaled CM,123,low_degree,0.75,0.25,0.006264939420255641,Node
FB_scaled_cm_123,Fan-shaped Body,Scaled CM,123,low_degree,0.8,0.2,0.006264939420255641,Node
FB_scaled_cm_123,Fan-shaped Body,Scaled CM,123,low_degree,0.8500000000000001,0.15,0.006264939420255641,Node
FB_scaled_cm_123,Fan-shaped Body,Scaled CM,123,low_degree,0.9,0.1,0.006264939420255641,Node
FB_scaled_cm_123,Fan-shaped Body,Scaled CM,123,low_degree,0.9500000000000001,0.05,0.006264939420255641,Node
FB_scaled_cm_123,Fan-shaped Body,Scaled CM,123,low_degree,1.0,0.0,0.006264939420255641,Node
EB_scaled_cm_42,Ellipsoid Body,Scaled CM,42,random,0.0,1.0,0.005247783028568003,Node
EB_scaled_cm_42,Ellipsoid Body,Scaled CM,42,random,0.05,0.9410666666666666,0.005247783028568003,Node
EB_scaled_cm_42,Ellipsoid Body,Scaled CM,42,random,0.1,0.8821333333333333,0.005247783028568003,Node
EB_scaled_cm_42,Ellipsoid Body,Scaled CM,42,random,0.15000000000000002,0.8246666666666667,0.005247783028568003,Node
EB_scaled_cm_42,Ellipsoid Body,Scaled CM,42,random,0.2,0.7658666666666667,0.005247783028568003,Node
EB_scaled_cm_42,Ellipsoid Body,Scaled CM,42,random,0.25,0.7105333333333334,0.005247783028568003,Node
EB_scaled_cm_42,Ellipsoid Body,Scaled CM,42,random,0.30000000000000004,0.6559999999999999,0.005247783028568003,Node
EB_scaled_cm_42,Ellipsoid Body,Scaled CM,42,random,0.35000000000000003,0.6006666666666667,0.005247783028568003,Node
EB_scaled_cm_42,Ellipsoid Body,Scaled CM,42,random,0.4,0.5476,0.005247783028568003,Node
EB_scaled_cm_42,Ellipsoid Body,Scaled CM,42,random,0.45,0.492,0.005247783028568003,Node
EB_scaled_cm_42,Ellipsoid Body,Scaled CM,42,random,0.5,0.4364,0.005247783028568003,Node
EB_scaled_cm_42,Ellipsoid Body,Scaled CM,42,random,0.55,0.38639999999999997,0.005247783028568003,Node
EB_scaled_cm_42,Ellipsoid Body,Scaled CM,42,random,0.6000000000000001,0.33666666666666667,0.005247783028568003,Node
EB_scaled_cm_42,Ellipsoid Body,Scaled CM,42,random,0.65,0.2881333333333333,0.005247783028568003,Node
EB_scaled_cm_42,Ellipsoid Body,Scaled CM,42,random,0.7000000000000001,0.23866666666666667,0.005247783028568003,Node
EB_scaled_cm_42,Ellipsoid Body,Scaled CM,42,random,0.75,0.19493333333333335,0.005247783028568003,Node
EB_scaled_cm_42,Ellipsoid Body,Scaled CM,42,random,0.8,0.1494666666666667,0.005247783028568003,Node
EB_scaled_cm_42,Ellipsoid Body,Scaled CM,42,random,0.8500000000000001,0.10746666666666667,0.005247783028568003,Node
EB_scaled_cm_42,Ellipsoid Body,Scaled CM,42,random,0.9,0.0696,0.005247783028568003,Node
EB_scaled_cm_42,Ellipsoid Body,Scaled CM,42,random,0.9500000000000001,0.03186666666666667,0.005247783028568003,Node
EB_scaled_cm_42,Ellipsoid Body,Scaled CM,42,random,1.0,0.0,0.005247783028568003,Node
EB_scaled_cm_42,Ellipsoid Body,Scaled CM,42,high_degree,0.0,1.0,0.005247783028568003,Node
EB_scaled_cm_42,Ellipsoid Body,Scaled CM,42,high_degree,0.05,0.9,0.005247783028568003,Node
EB_scaled_cm_42,Ellipsoid Body,Scaled CM,42,high_degree,0.1,0.8053333333333333,0.005247783028568003,Node
EB_scaled_cm_42,Ellipsoid Body,Scaled CM,42,high_degree,0.15000000000000002,0.718,0.005247783028568003,Node
EB_scaled_cm_42,Ellipsoid Body,Scaled CM,42,high_degree,0.2,0.63,0.005247783028568003,Node
EB_scaled_cm_42,Ellipsoid Body,Scaled CM,42,high_degree,0.25,0.5433333333333333,0.005247783028568003,Node
EB_scaled_cm_42,Ellipsoid Body,Scaled CM,42,high_degree,0.30000000000000004,0.4553333333333333,0.005247783028568003,Node
EB_scaled_cm_42,Ellipsoid Body,Scaled CM,42,high_degree,0.35000000000000003,0.36866666666666664,0.005247783028568003,Node
EB_scaled_cm_42,Ellipsoid Body,Scaled CM,42,high_degree,0.4,0.25933333333333336,0.005247783028568003,Node
EB_scaled_cm_42,Ellipsoid Body,Scaled CM,42,high_degree,0.45,0.09333333333333334,0.005247783028568003,Node
EB_scaled_cm_42,Ellipsoid Body,Scaled CM,42,high_degree,0.5,0.004,0.005247783028568003,Node
EB_scaled_cm_42,Ellipsoid Body,Scaled CM,42,high_degree,0.55,0.002,0.005247783028568003,Node
EB_scaled_cm_42,Ellipsoid Body,Scaled CM,42,high_degree,0.6000000000000001,0.0013333333333333333,0.005247783028568003,Node
EB_scaled_cm_42,Ellipsoid Body,Scaled CM,42,high_degree,0.65,0.0013333333333333333,0.005247783028568003,Node
EB_scaled_cm_42,Ellipsoid Body,Scaled CM,42,high_degree,0.7000000000000001,0.0013333333333333333,0.005247783028568003,Node
EB_scaled_cm_42,Ellipsoid Body,Scaled CM,42,high_degree,0.75,0.0006666666666666666,0.005247783028568003,Node
EB_scaled_cm_42,Ellipsoid Body,Scaled CM,42,high_degree,0.8,0.0006666666666666666,0.005247783028568003,Node
EB_scaled_cm_42,Ellipsoid Body,Scaled CM,42,high_degree,0.8500000000000001,0.0006666666666666666,0.005247783028568003,Node
EB_scaled_cm_42,Ellipsoid Body,Scaled CM,42,high_degree,0.9,0.0006666666666666666,0.005247783028568003,Node
EB_scaled_cm_42,Ellipsoid Body,Scaled CM,42,high_degree,0.9500000000000001,0.0006666666666666666,0.005247783028568003,Node
EB_scaled_cm_42,Ellipsoid Body,Scaled CM,42,high_degree,1.0,0.0,0.005247783028568003,Node
EB_scaled_cm_42,Ellipsoid Body,Scaled CM,42,low_degree,0.0,1.0,0.005247783028568003,Node
EB_scaled_cm_42,Ellipsoid Body,Scaled CM,42,low_degree,0.05,0.95,0.005247783028568003,Node
EB_scaled_cm_42,Ellipsoid Body,Scaled CM,42,low_degree,0.1,0.9,0.005247783028568003,Node
EB_scaled_cm_42,Ellipsoid Body,Scaled CM,42,low_degree,0.15000000000000002,0.85,0.005247783028568003,Node
EB_scaled_cm_42,Ellipsoid Body,Scaled CM,42,low_degree,0.2,0.8,0.005247783028568003,Node
EB_scaled_cm_42,Ellipsoid Body,Scaled CM,42,low_degree,0.25,0.75,0.005247783028568003,Node
EB_scaled_cm_42,Ellipsoid Body,Scaled CM,42,low_degree,0.30000000000000004,0.7,0.005247783028568003,Node
EB_scaled_cm_42,Ellipsoid Body,Scaled CM,42,low_degree,0.35000000000000003,0.65,0.005247783028568003,Node
EB_scaled_cm_42,Ellipsoid Body,Scaled CM,42,low_degree,0.4,0.6,0.005247783028568003,Node
EB_scaled_cm_42,Ellipsoid Body,Scaled CM,42,low_degree,0.45,0.55,0.005247783028568003,Node
EB_scaled_cm_42,Ellipsoid Body,Scaled CM,42,low_degree,0.5,0.5,0.005247783028568003,Node
EB_scaled_cm_42,Ellipsoid Body,Scaled CM,42,low_degree,0.55,0.45,0.005247783028568003,Node
EB_scaled_cm_42,Ellipsoid Body,Scaled CM,42,low_degree,0.6000000000000001,0.4,0.005247783028568003,Node
EB_scaled_cm_42,Ellipsoid Body,Scaled CM,42,low_degree,0.65,0.35,0.005247783028568003,Node
EB_scaled_cm_42,Ellipsoid Body,Scaled CM,42,low_degree,0.7000000000000001,0.3,0.005247783028568003,Node
EB_scaled_cm_42,Ellipsoid Body,Scaled CM,42,low_degree,0.75,0.25,0.005247783028568003,Node
EB_scaled_cm_42,Ellipsoid Body,Scaled CM,42,low_degree,0.8,0.2,0.005247783028568003,Node
EB_scaled_cm_42,Ellipsoid Body,Scaled CM,42,low_degree,0.8500000000000001,0.15,0.005247783028568003,Node
EB_scaled_cm_42,Ellipsoid Body,Scaled CM,42,low_degree,0.9,0.1,0.005247783028568003,Node
EB_scaled_cm_42,Ellipsoid Body,Scaled CM,42,low_degree,0.9500000000000001,0.05,0.005247783028568003,Node
EB_scaled_cm_42,Ellipsoid Body,Scaled CM,42,low_degree,1.0,0.0,0.005247783028568003,Node
EB_scaled_cm_123,Ellipsoid Body,Scaled CM,123,random,0.0,1.0,0.005434921547950021,Node
EB_scaled_cm_123,Ellipsoid Body,Scaled CM,123,random,0.05,0.9409333333333333,0.005434921547950021,Node
EB_scaled_cm_123,Ellipsoid Body,Scaled CM,123,random,0.1,0.8816,0.005434921547950021,Node
EB_scaled_cm_123,Ellipsoid Body,Scaled CM,123,random,0.15000000000000002,0.8224,0.005434921547950021,Node
EB_scaled_cm_123,Ellipsoid Body,Scaled CM,123,random,0.2,0.764,0.005434921547950021,Node
EB_scaled_cm_123,Ellipsoid Body,Scaled CM,123,random,0.25,0.7076,0.005434921547950021,Node
EB_scaled_cm_123,Ellipsoid Body,Scaled CM,123,random,0.30000000000000004,0.6536,0.005434921547950021,Node
EB_scaled_cm_123,Ellipsoid Body,Scaled CM,123,random,0.35000000000000003,0.5973333333333334,0.005434921547950021,Node
EB_scaled_cm_123,Ellipsoid Body,Scaled CM,123,random,0.4,0.5425333333333333,0.005434921547950021,Node
EB_scaled_cm_123,Ellipsoid Body,Scaled CM,123,random,0.45,0.4898666666666666,0.005434921547950021,Node
EB_scaled_cm_123,Ellipsoid Body,Scaled CM,123,random,0.5,0.4382666666666667,0.005434921547950021,Node
EB_scaled_cm_123,Ellipsoid Body,Scaled CM,123,random,0.55,0.386,0.005434921547950021,Node
EB_scaled_cm_123,Ellipsoid Body,Scaled CM,123,random,0.6000000000000001,0.33533333333333337,0.005434921547950021,Node
EB_scaled_cm_123,Ellipsoid Body,Scaled CM,123,random,0.65,0.28586666666666666,0.005434921547950021,Node
EB_scaled_cm_123,Ellipsoid Body,Scaled CM,123,random,0.7000000000000001,0.2408,0.005434921547950021,Node
EB_scaled_cm_123,Ellipsoid Body,Scaled CM,123,random,0.75,0.19493333333333335,0.005434921547950021,Node
EB_scaled_cm_123,Ellipsoid Body,Scaled CM,123,random,0.8,0.14893333333333333,0.005434921547950021,Node
EB_scaled_cm_123,Ellipsoid Body,Scaled CM,123,random,0.8500000000000001,0.10533333333333332,0.005434921547950021,Node
EB_scaled_cm_123,Ellipsoid Body,Scaled CM,123,random,0.9,0.06626666666666667,0.005434921547950021,Node
EB_scaled_cm_123,Ellipsoid Body,Scaled CM,123,random,0.9500000000000001,0.029466666666666662,0.005434921547950021,Node
EB_scaled_cm_123,Ellipsoid Body,Scaled CM,123,random,1.0,0.0,0.005434921547950021,Node
EB_scaled_cm_123,Ellipsoid Body,Scaled CM,123,high_degree,0.0,1.0,0.005434921547950021,Node
EB_scaled_cm_123,Ellipsoid Body,Scaled CM,123,high_degree,0.05,0.9106666666666666,0.005434921547950021,Node
EB_scaled_cm_123,Ellipsoid Body,Scaled CM,123,high_degree,0.1,0.816,0.005434921547950021,Node
EB_scaled_cm_123,Ellipsoid Body,Scaled CM,123,high_degree,0.15000000000000002,0.726,0.005434921547950021,Node
EB_scaled_cm_123,Ellipsoid Body,Scaled CM,123,high_degree,0.2,0.638,0.005434921547950021,Node
EB_scaled_cm_123,Ellipsoid Body,Scaled CM,123,high_degree,0.25,0.5513333333333333,0.005434921547950021,Node
EB_scaled_cm_123,Ellipsoid Body,Scaled CM,123,high_degree,0.30000000000000004,0.464,0.005434921547950021,Node
EB_scaled_cm_123,Ellipsoid Body,Scaled CM,123,high_degree,0.35000000000000003,0.36933333333333335,0.005434921547950021,Node
EB_scaled_cm_123,Ellipsoid Body,Scaled CM,123,high_degree,0.4,0.276,0.005434921547950021,Node
EB_scaled_cm_123,Ellipsoid Body,Scaled CM,123,high_degree,0.45,0.14,0.005434921547950021,Node
EB_scaled_cm_123,Ellipsoid Body,Scaled CM,123,high_degree,0.5,0.005333333333333333,0.005434921547950021,Node
EB_scaled_cm_123,Ellipsoid Body,Scaled CM,123,high_degree,0.55,0.0033333333333333335,0.005434921547950021,Node
EB_scaled_cm_123,Ellipsoid Body,Scaled CM,123,high_degree,0.6000000000000001,0.0013333333333333333,0.005434921547950021,Node
EB_scaled_cm_123,Ellipsoid Body,Scaled CM,123,high_degree,0.65,0.0013333333333333333,0.005434921547950021,Node
EB_scaled_cm_123,Ellipsoid Body,Scaled CM,123,high_degree,0.7000000000000001,0.0013333333333333333,0.005434921547950021,Node
EB_scaled_cm_123,Ellipsoid Body,Scaled CM,123,high_degree,0.75,0.0013333333333333333,0.005434921547950021,Node
EB_scaled_cm_123,Ellipsoid Body,Scaled CM,123,high_degree,0.8,0.0006666666666666666,0.005434921547950021,Node
EB_scaled_cm_123,Ellipsoid Body,Scaled CM,123,high_degree,0.8500000000000001,0.0006666666666666666,0.005434921547950021,Node
EB_scaled_cm_123,Ellipsoid Body,Scaled CM,123,high_degree,0.9,0.0006666666666666666,0.005434921547950021,Node
EB_scaled_cm_123,Ellipsoid Body,Scaled CM,123,high_degree,0.9500000000000001,0.0006666666666666666,0.005434921547950021,Node
EB_scaled_cm_123,Ellipsoid Body,Scaled CM,123,high_degree,1.0,0.0,0.005434921547950021,Node
EB_scaled_cm_123,Ellipsoid Body,Scaled CM,123,low_degree,0.0,1.0,0.005434921547950021,Node
EB_scaled_cm_123,Ellipsoid Body,Scaled CM,123,low_degree,0.05,0.95,0.005434921547950021,Node
EB_scaled_cm_123,Ellipsoid Body,Scaled CM,123,low_degree,0.1,0.9,0.005434921547950021,Node
EB_scaled_cm_123,Ellipsoid Body,Scaled CM,123,low_degree,0.15000000000000002,0.85,0.005434921547950021,Node
EB_scaled_cm_123,Ellipsoid Body,Scaled CM,123,low_degree,0.2,0.8,0.005434921547950021,Node
EB_scaled_cm_123,Ellipsoid Body,Scaled CM,123,low_degree,0.25,0.75,0.005434921547950021,Node
EB_scaled_cm_123,Ellipsoid Body,Scaled CM,123,low_degree,0.30000000000000004,0.7,0.005434921547950021,Node
EB_scaled_cm_123,Ellipsoid Body,Scaled CM,123,low_degree,0.35000000000000003,0.65,0.005434921547950021,Node
EB_scaled_cm_123,Ellipsoid Body,Scaled CM,123,low_degree,0.4,0.6,0.005434921547950021,Node
EB_scaled_cm_123,Ellipsoid Body,Scaled CM,123,low_degree,0.45,0.55,0.005434921547950021,Node
EB_scaled_cm_123,Ellipsoid Body,Scaled CM,123,low_degree,0.5,0.5,0.005434921547950021,Node
EB_scaled_cm_123,Ellipsoid Body,Scaled CM,123,low_degree,0.55,0.45,0.005434921547950021,Node
EB_scaled_cm_123,Ellipsoid Body,Scaled CM,123,low_degree,0.6000000000000001,0.4,0.005434921547950021,Node
EB_scaled_cm_123,Ellipsoid Body,Scaled CM,123,low_degree,0.65,0.35,0.005434921547950021,Node
EB_scaled_cm_123,Ellipsoid Body,Scaled CM,123,low_degree,0.7000000000000001,0.3,0.005434921547950021,Node
EB_scaled_cm_123,Ellipsoid Body,Scaled CM,123,low_degree,0.75,0.25,0.005434921547950021,Node
EB_scaled_cm_123,Ellipsoid Body,Scaled CM,123,low_degree,0.8,0.2,0.005434921547950021,Node
EB_scaled_cm_123,Ellipsoid Body,Scaled CM,123,low_degree,0.8500000000000001,0.15,0.005434921547950021,Node
EB_scaled_cm_123,Ellipsoid Body,Scaled CM,123,low_degree,0.9,0.1,0.005434921547950021,Node
EB_scaled_cm_123,Ellipsoid Body,Scaled CM,123,low_degree,0.9500000000000001,0.05,0.005434921547950021,Node
EB_scaled_cm_123,Ellipsoid Body,Scaled CM,123,low_degree,1.0,0.0,0.005434921547950021,Node
